Workbook

Sheet Read me
A1: Dimensional Summoner — encounters, drops and chains
A2: Generated from src/dimensional_sim/world/catalog.py on 2026-10-16 (6 landmark sites, camp buildings; encounters-v11, save schema 13).
A4: How to use
A5: Blue text on yellow | B5: An input you can change: weights, region %, tier odds, drop odds, chances.
A6: Black text | B6: A formula. Every chance in this workbook recalculates from the inputs.
A7: Changing the game | B7: Edits here do not change the game. Send the file back and the changes get ported into catalog.py.
A9: How a spot is rolled
A10: 1. Spots per chunk | B10: Each new chunk rolls one entry of [0, 1, 1, 2, 2, 3] (average 1.5 spots).
A11: 2. Tier first | B11: Rare rolls first; a miss tries uncommon; common catches the rest. A tier with nothing eligible is skipped.
A12: 3. Tier odds scale | B12: Tier odds x (eligible weight in that tier / its full weight), capped at 90%. Unlocking more of a tier raises its odds.
A13: 4. Pick in tier | B13: Inside the tier, an encounter is picked by effective weight (base weight x region %, rounded down like the game).
A14: 5. After the roll | B14: At-once caps (windows), spawn pity and the Journal guarantee apply after this table; Journal favor/suppress is not modelled here.
A16: How loot works
A17: Fixed loot | B17: Each fixed entry rolls on its own (sheet 'Fixed loot'). These feed the auto-pilot's food and crafting plans.
A18: Bonus roll | B18: Actions with a drop table make ONE extra cascading roll (sheet 'Drop tables'); at most one item. Ring depth does not apply.
A20: Chains | B20: Completing an encounter can create a temporary lead next to it (sheet 'Chains'). Leads are not part of the spawn roll.
A21: Sites | B21: A site's own encounters are drawn from its bucket by base weight (region % does not apply), each at most once, on top of the wild spots.
A23: Sheets
A24: Encounters | B24: Every spot and lead: tier, weight, unlock, regions, caps, fight HP, drops.
A25: Spawn odds | B25: Chance per spot draw in each region, with an 'Unlocked' switch per encounter.
A26: Regions | B26: Region weight % per encounter (0 = never there).
A27: Tiers | B27: Tier odds and full weights for encounter spots.
A28: Fixed loot | B28: Guaranteed/independent drops per action.
A29: Drop tables | B29: Bonus-roll tables, tier odds, picks, and each item's exact chance per table.
A30: Bonus drops | B30: Each action's bonus items with chance and expected ash per completion.
A31: Chains | B31: Current chained encounters plus a blank table for chain ideas.
A32: Sites | B32: Landmark sites: where they can appear, how often, and their own encounters.
A33: Site encounters | B33: Inside each site: how likely each of its encounters is to show up in a life, and what it gives.
A34: Biomes & enemies | B34: Biomes, region layout (canopy, brush, which sites can appear) and enemy danger by ring.
A35: Crafts & buildings | B35: Every craft and building: where it can be made, cost, result, gate and bind cost.
... A39: Site conditions | B39: How a landmark is this life (quiet, already searched, untouched, a den, overgrown) and the rare phenomena.

Sheet Tiers
A1: Encounter tier odds
A2: Basis points in the catalog; shown here as %. The fallback tier (common) has no odds: it catches misses.
A4: Tier | B4: Spot odds | C4: Full weight | D4: Color | E4: Notes
A5: rare | B5: 0.06 | C5: 10 | D5: #7fb4ff | E5: No rare encounters exist yet: the tier is skipped.
A6: uncommon | B6: 0.25 | C6: 16 | D6: #8fd17a | E6: Full odds once this much uncommon weight is eligible here.
A7: common | B7: fallback | C7: - | D7: #e7d7b0
A9: Tier cap | B9: 0.9
A10: Ring (depth) | B10: 0 | C10: ring of the chunk being rolled
A11: Rarity per ring | B11: 0 | C11: dark_forest.spot_rarity_per_ring (0 = depth does not change odds)
A12: Ring multiplier | B12: =1+B11*B10 -> 1

Sheet Encounters
A1: Encounters
A2: Spots are rolled into chunks; leads only appear through a chain (see Chains); site encounters only inside their landmark (see Sites).
A4: ID | B4: Name | C4: Placement | D4: Category | E4: Tier | F4: Base weight | G4: Unlock (cost) | H4: Needs knowledge | I4: Allowed regions | J4: Next to | K4: At-once cap | L4: Enemy HP | M4: XP | N4: Duration (s) | O4: Heal | P4: Blessing | Q4: Bonus table | R4: Leads to | S4: Interaction (what you do) | T4: Depletes nearby
A5: bramble_berries | B5: Berry bush | C5: spot | D5: forage | E5: common | F5: 11 | G5: start | I5: all | K5: 1-2 | M5: 40 | N5: 2.4 | R5: trampled_bushes (15%) | S5: Picking berries | T5: berries
A6: fallen_branches | B6: Fallen branches | C6: spot | D6: gather | E6: common | F6: 18 | G6: start | I6: The Old Road, Deep Woods, Bramble Thicket | K6: no cap | M6: 30 | N6: 2.2 | R6: broken_branches (15%) | S6: Picking up sticks | T6: wood
A7: animal_tracks | B7: Animal tracks | C7: spot | D7: observe | E7: common | F7: 12 | G7: start | I7: Deep Woods, Still Glade | K7: no cap | M7: 50 | N7: 3 | R7: follow_deer_tracks (30%) | S7: Looking at the tracks | T7: game
A8: forest_spring | B8: Forest spring | C8: spot | D8: drink | E8: common | F8: 9 | G8: start | I8: all | K8: 1-2 | M8: 40 | N8: 2 | O8: 10 | R8: fresh_footprints (8%) | S8: Drinking water
A9: reed_bed | B9: Reeds | C9: spot | D9: forage | E9: common | F9: 7 | G9: start | I9: all | K9: 1-2 | M9: 35 | N9: 2.6 | R9: fish_scales (30%) | S9: Searching the reeds
A10: fishing_pool | B10: Fishing pool | C10: spot | D10: hunt | E10: common | F10: 9 | G10: start | I10: all | K10: 0-2 | M10: 45 | N10: 3.6 | R10: lurker_burrow (10%) | S10: Fishing | T10: fish
A11: river_shallows | B11: Shallows | C11: spot | D11: observe | E11: common | F11: 4 | G11: start | I11: all | K11: no cap | M11: 40 | N11: 2.4 | R11: ripples (35%) | S11: Looking into the water
A12: fishing_net | B12: Old fishing net | C12: spot | D12: scavenge | E12: uncommon | F12: 3 | G12: start | I12: all | K12: 0-1 | M12: 40 | N12: 3 | R12: float_line (35%) | S12: Untangling the net
A13: river_lurker | B13: River lurker | C13: spot | D13: fight | E13: common | F13: 3 | G13: start | I13: all | K13: 0-1 | L13: 2 | M13: 80 | N13: 0.001 | Q13: lurker_spoils | S13: Fighting the lurker
A14: bramble_boar | B14: Wild boar | C14: spot | D14: fight | E14: common | F14: 9 | G14: start | I14: all | K14: 1-2 | L14: 3 | M14: 100 | N14: 0.001 | Q14: boar_spoils | S14: Fighting the boar
A15: gnarled_tree | B15: Old tree | C15: spot | D15: climb | E15: common | F15: 10 | G15: Climbing (15 ash) | I15: all | J15: tree | K15: 1-1 | M15: 60 | N15: 3.2 | S15: Climbing for eggs | T15: eggs
A16: dead_tree | B16: Dead tree | C16: spot | D16: gather | E16: common | F16: 8 | G16: start | I16: all | J16: tree | K16: no cap | M16: 45 | N16: 3.6 | S16: Chopping the dead tree | T16: wood
A17: mushroom_ring | B17: Mushrooms | C17: spot | D17: forage | E17: common | F17: 8 | G17: Mushroom lore (45 ash) | I17: Deep Woods | K17: 1-1 | M17: 55 | N17: 3.2 | R17: mushroom_dust (20%) | S17: Picking mushrooms | T17: fungi
A18: mossy_stone | B18: Mossy rock | C18: spot | D18: meditate | E18: common | F18: 7 | G18: Meditation (30 ash) | I18: all | J18: rock | K18: no cap | M18: 60 | N18: 4 | R18: double_shadow (12%) | S18: Resting by the rock
A19: hanging_leaf | B19: Hanging leaf | C19: spot | D19: observe | E19: rare | F19: 3 | G19: start | I19: Deep Woods, Still Glade | K19: 0-1 | M19: 70 | N19: 3 | S19: Watching the leaf
A20: backward_ripple | B20: Backward ripple | C20: spot | D20: observe | E20: rare | F20: 3 | G20: start | I20: all | K20: 0-1 | M20: 70 | N20: 3 | S20: Watching the water
A21: moonlit_pool | B21: Clear pool | C21: spot | D21: drink | E21: uncommon | F21: 5 | G21: Meditation (30 ash) | I21: all | K21: 0-1 | M21: 45 | N21: 2.6 | O21: 12 | S21: Drinking water
A22: old_carvings | B22: Old carvings | C22: spot | D22: study | E22: uncommon | F22: 5 | G22: Road lore (70 ash) | I22: all | K22: no cap | M22: 80 | N22: 3.6 | R22: trail_marker (30%) | S22: Reading the carvings
A23: wayside_shrine | B23: Roadside shrine | C23: spot | D23: pray | E23: uncommon | F23: 6 | G23: Shrine path (3 blessing) | I23: The Old Road | K23: 1-1 | M23: 50 | N23: 3.6 | P23: 1 | S23: Praying at the shrine
A24: follow_deer_tracks | B24: Deer tracks | C24: lead | D24: observe | E24: common | F24: lead | G24: start | H24: deer_sign | I24: all | K24: no cap | M24: 35 | N24: 3.8 | R24: hunt_deer (55%) | S24: Following the tracks
A25: hunt_deer | B25: Deer | C25: lead | D25: hunt | E25: common | F25: lead | G25: start | H25: deer_sign | I25: all | K25: no cap | M25: 80 | N25: 5.5 | Q25: deer_spoils | S25: Hunting the deer
A26: broken_branches | B26: Broken branches | C26: lead | D26: observe | E26: common | F26: lead | G26: start | I26: all | K26: no cap | M26: 30 | N26: 2.6 | R26: cut_wood (55%) | S26: Looking at the broken branches
A27: cut_wood | B27: Cut wood | C27: lead | D27: gather | E27: common | F27: lead | G27: start | I27: all | K27: no cap | M27: 40 | N27: 3.4 | Q27: wood_stash | S27: Taking the wood
A28: trampled_bushes | B28: Trampled bushes | C28: lead | D28: observe | E28: common | F28: lead | G28: start | I28: all | K28: no cap | M28: 30 | N28: 2.4 | R28: feeding_ground (50%), angry_boar (25%) | S28: Looking at the marks
A29: feeding_ground | B29: Feeding ground | C29: lead | D29: forage | E29: common | F29: lead | G29: start | I29: all | K29: no cap | M29: 40 | N29: 3 | S29: Picking what is left
A30: angry_boar | B30: Angry boar | C30: lead | D30: fight | E30: common | F30: lead | G30: start | I30: all | K30: no cap | L30: 3 | M30: 100 | N30: 0.001 | Q30: boar_spoils | S30: Fighting the boar
A31: mushroom_dust | B31: Mushroom dust | C31: lead | D31: observe | E31: common | F31: lead | G31: start | I31: all | K31: no cap | M31: 35 | N31: 2.6 | R31: rotten_log (60%) | S31: Following the dust
A32: rotten_log | B32: Rotten log | C32: lead | D32: forage | E32: common | F32: lead | G32: start | I32: all | K32: no cap | M32: 45 | N32: 3.2 | Q32: rotten_log | S32: Picking mushrooms
A33: trail_marker | B33: Odd trail marker | C33: lead | D33: study | E33: common | F33: lead | G33: start | I33: all | K33: no cap | M33: 60 | N33: 3.4 | R33: looping_path (50%) | S33: Comparing the marks
A34: looping_path | B34: Looping path | C34: lead | D34: observe | E34: common | F34: lead | G34: start | I34: all | K34: no cap | M34: 80 | N34: 4 | S34: Walking the loop
A35: map_scrap | B35: Hand-drawn map | C35: lead | D35: study | E35: common | F35: lead | G35: start | I35: all | K35: no cap | M35: 40 | N35: 3 | R35: hidden_stash (60%) | S35: Reading the map
A36: hidden_stash | B36: Hidden stash | C36: lead | D36: scavenge | E36: common | F36: lead | G36: start | I36: all | K36: no cap | M36: 50 | N36: 3.6 | Q36: hidden_stash | S36: Digging up the stash
A37: fish_scales | B37: Fish scales | C37: lead | D37: observe | E37: common | F37: lead | G37: start | I37: all | K37: no cap | M37: 30 | N37: 2.2 | R37: busy_pool (50%), lurker_burrow (20%) | S37: Following the scales
A38: busy_pool | B38: Busy pool | C38: lead | D38: hunt | E38: common | F38: lead | G38: start | I38: all | K38: no cap | M38: 50 | N38: 3.4 | S38: Fishing
A39: ripples | B39: Ripples | C39: lead | D39: observe | E39: common | F39: lead | G39: start | I39: all | K39: no cap | M39: 35 | N39: 2.4 | R39: lurker_burrow (50%) | S39: Watching the ripples
A40: lurker_burrow | B40: River lurker | C40: lead | D40: fight | E40: common | F40: lead | G40: start | I40: all | K40: no cap | L40: 2 | M40: 80 | N40: 0.001 | Q40: lurker_spoils | S40: Fighting the lurker
A41: float_line | B41: Torn float line | C41: lead | D41: observe | E41: common | F41: lead | G41: start | I41: all | K41: no cap | M41: 35 | N41: 2.6 | R41: fishing_platform (60%) | S41: Following the line
A42: fishing_platform | B42: Broken fishing platform | C42: lead | D42: scavenge | E42: common | F42: lead | G42: start | I42: all | K42: no cap | M42: 45 | N42: 3.4 | S42: Pulling up the planks
A43: bootprints | B43: Muddy bootprints | C43: lead | D43: observe | E43: common | F43: lead | G43: start | I43: all | K43: no cap | M43: 35 | N43: 2.6 | R43: fishing_camp (50%) | S43: Following the bootprints
A44: fishing_camp | B44: Fishing camp | C44: lead | D44: scavenge | E44: common | F44: lead | G44: start | I44: all | K44: no cap | M44: 50 | N44: 3.6 | Q44: fishing_camp | S44: Searching the camp
A45: fresh_footprints | B45: Fresh footprints | C45: lead | D45: observe | E45: common | F45: lead | G45: start | I45: all | K45: no cap | M45: 30 | N45: 2.4 | R45: hidden_ford (55%) | S45: Following the footprints
A46: double_shadow | B46: Double shadow | C46: lead | D46: observe | E46: common | F46: lead | G46: start | I46: all | K46: no cap | M46: 45 | N46: 3 | R46: split_shadow_tree (60%) | S46: Following the shadow
A47: split_shadow_tree | B47: Split-shadow tree | C47: lead | D47: meditate | E47: common | F47: lead | G47: start | I47: all | J47: tree | K47: no cap | M47: 90 | N47: 4.5 | S47: Standing between the shadows
A48: hidden_ford | B48: Hidden ford | C48: lead | D48: observe | E48: common | F48: lead | G48: start | I48: all | K48: no cap | M48: 60 | N48: 3.2 | R48: lurker_burrow (25%) | S48: Crossing the stones
A49: camp_packs | B49: Old backpacks | C49: site | D49: scavenge | E49: common | F49: 10 | G49: Scavenging (20 ash) | I49: Abandoned camp | K49: no cap | M49: 40 | N49: 3.1 | Q49: traveller_cache | R49: map_scrap (35%) | S49: Searching the bags
A50: camp_firepit | B50: Old campfire | C50: site | D50: scavenge | E50: common | F50: 8 | G50: Scavenging (20 ash) | I50: Abandoned camp | K50: no cap | M50: 35 | N50: 2.6 | R50: bootprints (35%) | S50: Searching the ashes
A51: camp_bedroll | B51: Torn blanket | C51: site | D51: scavenge | E51: common | F51: 7 | G51: Scavenging (20 ash) | I51: Abandoned camp | K51: no cap | M51: 35 | N51: 2.8 | S51: Pulling out the stuffing
A52: tower_rubble | B52: Fallen stones | C52: site | D52: scavenge | E52: common | F52: 10 | G52: Road lore (70 ash) | I52: Fallen watchtower | K52: no cap | M52: 45 | N52: 3.4 | Q52: traveller_cache | S52: Digging through the stones
A53: tower_stair | B53: Broken stairs | C53: site | D53: climb | E53: common | F53: 6 | G53: Road lore (70 ash) | I53: Fallen watchtower | K53: no cap | M53: 60 | N53: 3.6 | S53: Climbing the stairs
A54: tower_armory | B54: Old weapon rack | C54: site | D54: scavenge | E54: common | F54: 5 | G54: Road lore (70 ash) | I54: Fallen watchtower | K54: no cap | M54: 55 | N54: 4 | S54: Pulling out nails
A55: tower_marks | B55: Scratched warnings | C55: site | D55: study | E55: common | F55: 6 | G55: Road lore (70 ash) | I55: Fallen watchtower | K55: no cap | M55: 75 | N55: 4.2 | S55: Reading the warnings
A56: lumber_logs | B56: Log pile | C56: site | D56: gather | E56: common | F56: 10 | G56: Scavenging (20 ash) | I56: Logging camp | K56: no cap | M56: 40 | N56: 3 | S56: Breaking off sticks
A57: lumber_shed | B57: Tool shed | C57: site | D57: scavenge | E57: common | F57: 8 | G57: Scavenging (20 ash) | I57: Logging camp | K57: no cap | M57: 45 | N57: 3.2 | Q57: traveller_cache | S57: Searching the shed
A58: lumber_oak | B58: Fallen tree | C58: site | D58: climb | E58: common | F58: 6 | G58: Scavenging (20 ash) | I58: Logging camp | K58: no cap | M58: 50 | N58: 3 | S58: Climbing the branches
A59: lodge_racks | B59: Hide racks | C59: site | D59: scavenge | E59: common | F59: 9 | G59: Snares (25 ash) | I59: Hunter's cabin | K59: no cap | M59: 45 | N59: 3.4 | S59: Taking the hides
A60: lodge_snares | B60: Old traps | C60: site | D60: hunt | E60: common | F60: 8 | G60: Snares (25 ash) | I60: Hunter's cabin | K60: no cap | M60: 45 | N60: 3 | S60: Checking the traps
A61: lodge_trophies | B61: Antler wall | C61: site | D61: scavenge | E61: common | F61: 5 | G61: Snares (25 ash) | I61: Hunter's cabin | K61: no cap | M61: 55 | N61: 3.6 | Q61: hunter_trophies | S61: Taking down the antlers
A62: shrine_altar | B62: Broken altar | C62: site | D62: pray | E62: common | F62: 8 | G62: Shrine path (3 blessing) | I62: Ruined shrine | K62: no cap | M62: 60 | N62: 4.2 | P62: 1 | S62: Praying at the altar
A63: shrine_offerings | B63: Coin bowls | C63: site | D63: scavenge | E63: common | F63: 7 | G63: Meditation (30 ash) | I63: Ruined shrine | K63: no cap | M63: 50 | N63: 3.2 | Q63: shrine_offerings | S63: Taking the coins
A64: shrine_pillars | B64: Carved pillars | C64: site | D64: study | E64: common | F64: 6 | G64: Meditation (30 ash) | I64: Ruined shrine | K64: no cap | M64: 85 | N64: 4.4 | S64: Studying the carvings
A65: barrow_goods | B65: Old grave | C65: site | D65: scavenge | E65: common | F65: 8 | G65: Road lore (70 ash) | I65: Burial mound | K65: no cap | M65: 60 | N65: 4.2 | Q65: barrow_hoard | S65: Digging in the grave
A66: barrow_stones | B66: Stone circle | C66: site | D66: meditate | E66: common | F66: 7 | G66: Road lore (70 ash) | I66: Burial mound | K66: no cap | M66: 70 | N66: 4.6 | O66: 10 | S66: Sitting in the circle
A67: barrow_bones | B67: Bone pile | C67: site | D67: observe | E67: common | F67: 6 | G67: Road lore (70 ash) | I67: Burial mound | K67: no cap | M67: 50 | N67: 3 | S67: Searching the bones
A68: barrow_dead | B68: Restless bones | C68: site | D68: fight | E68: common | F68: 9 | G68: start | I68: Burial mound | K68: no cap | L68: 5 | M68: 110 | N68: 0.001 | Q68: bones_spoils | S68: Fighting the bones
A69: tower_guard | B69: Fallen guard | C69: site | D69: fight | E69: common | F69: 5 | G69: start | I69: Fallen watchtower | K69: no cap | L69: 4 | M69: 90 | N69: 0.001 | Q69: bones_spoils | S69: Fighting the guard
A70: shrine_wisp | B70: Pale wisp | C70: site | D70: fight | E70: common | F70: 6 | G70: start | I70: Ruined shrine | K70: no cap | L70: 3 | M70: 90 | N70: 0.001 | S70: Scattering the wisp

Sheet Sites
A1: Landmark sites
A2: One candidate chunk per 3x3 block rolls once against these per-mille weights (by its region).
A4: Site | B4: Structure | C4: Min ring | D4: Encounters per life | E4: Chance · The Old Road | F4: Chance · Deep Woods | G4: Chance · Bramble Thicket | H4: Chance · Still Glade | I4: Its encounters
A5: Abandoned camp | B5: camp | C5: 2 | D5: 2-3 | E5: 0.35 | F5: 0.15 | G5: 0.15 | H5: 0.1 | I5: Old backpacks, Old campfire, Torn blanket
A6: Fallen watchtower | B6: tower | C6: 3 | D6: 2-4 | E6: 0.3 | F6: 0.15 | G6: 0 | H6: 0 | I6: Fallen stones, Broken stairs, Old weapon rack, Scratched warnings, Fallen guard
A7: Logging camp | B7: lumber | C7: 2 | D7: 2-3 | E7: 0.1 | F7: 0.2 | G7: 0 | H7: 0 | I7: Log pile, Tool shed, Fallen tree
A8: Hunter's cabin | B8: lodge | C8: 3 | D8: 2-3 | E8: 0 | F8: 0.15 | G8: 0.25 | H8: 0 | I8: Hide racks, Old traps, Antler wall
A9: Ruined shrine | B9: shrine | C9: 4 | D9: 2-3 | E9: 0 | F9: 0.1 | G9: 0 | H9: 0.25 | I9: Broken altar, Coin bowls, Carved pillars, Pale wisp
A10: Burial mound | B10: barrow | C10: 5 | D10: 2-3 | E10: 0.05 | F10: 0.1 | G10: 0.15 | H10: 0 | I10: Old grave, Stone circle, Bone pile, Restless bones
A12: Chance a block holds a site | E12: =SUM(E5:E10) -> 0.8 | F12: =SUM(F5:F10) -> 0.85 | G12: =SUM(G5:G10) -> 0.55 | H12: =SUM(H5:H10) -> 0.35
A13: Roughly one site per this many chunks | E13: =IF(E12=0,"-",9/E12) -> 11.25 | F13: =IF(F12=0,"-",9/F12) -> 10.588235 | G13: =IF(G12=0,"-",9/G12) -> 16.363636 | H13: =IF(H12=0,"-",9/H12) -> 25.714286

Sheet Site encounters
A1: Site encounters
A2: Each life a site draws 'Min-Max' of its encounters (count uniform), by weight, each at most once. Assumes all of them are unlocked; a locked one simply drops out of the draw.
A4: Abandoned camp | C4: Min | D4: 2 | E4: Max | F4: 3 | G4: structure: camp · min ring 2 · uncommon
A5: ID | B5: Name | C5: Weight (Encounters sheet) | D5: P(1st pick) | E5: P(2nd pick) | F5: P(3rd pick) | G5: P(4th pick) | H5: P(shows up in a life) | I5: Unlock | J5: Fixed loot | K5: Bonus table | L5: Other
A6: camp_packs | B6: Old backpacks | C6: =Encounters!F49 -> 10 | D6: =$C$6/SUM($C$6:$C$8) -> 0.4 | E6: =($C$7/SUM($C$6:$C$8))*($C$6/(SUM($C$6:$C$8)-$C$7))+($C$8/SUM($C$6:$C$8))*($C$6/(SUM($C$6:$C$8)-$C$8)) -> 0.34379085 | F6: =($C$7/SUM($C$6:$C$8))*($C$8/(SUM($C$6:$C$8)-$C$7))*($C$6/(SUM($C$6:$C$8)-$C$7-$C$8))+($C$8/SUM($C$6:$C$8))*($C$7/(SUM($C$6:$C$8)-$C$8))*($C$6/(SUM($C$6:$C$8)-$C$8-$C$7)) -> 0.25620915 | G6: =0 -> 0 | H6: =MIN(1,(IF(AND(0>=$D$4,0<=$F$4),0,0)+IF(AND(1>=$D$4,1<=$F$4),D6,0)+IF(AND(2>=$D$4,2<=$F$4),D6+E6,0)+IF(AND(3>=$D$4,3<=$F$4),D6+E6+F6,0)+IF(AND(4>=$D$4,4<=$F$4),D6+E6+F6+G6,0)+IF(AND(5>=$D$4,5<=$F$4),D6+E6+F6+G6,0)+IF(AND(6>=$D$4,6<=$F$4),D6+E6+F6+G6,0)+IF(AND(7>=$D$4,7<=$F$4),D6+E6+F6+G6,0)+IF(AND(8>=$D$4,8<=$F$4),D6+E6+F6+G6,0))/($F$4-$D$4+1)) -> 0.87189542 | I6: Scavenging (20 ash) | J6: Stick 1-2, Cloth scrap 1-2 (70%) | K6: traveller_cache | L6: scavenge · strength 40 XP · 3.1s
A7: camp_firepit | B7: Old campfire | C7: =Encounters!F50 -> 8 | D7: =$C$7/SUM($C$6:$C$8) -> 0.32 | E7: =($C$6/SUM($C$6:$C$8))*($C$7/(SUM($C$6:$C$8)-$C$6))+($C$8/SUM($C$6:$C$8))*($C$7/(SUM($C$6:$C$8)-$C$8)) -> 0.33777778 | F7: =($C$6/SUM($C$6:$C$8))*($C$8/(SUM($C$6:$C$8)-$C$6))*($C$7/(SUM($C$6:$C$8)-$C$6-$C$8))+($C$8/SUM($C$6:$C$8))*($C$6/(SUM($C$6:$C$8)-$C$8))*($C$7/(SUM($C$6:$C$8)-$C$8-$C$6)) -> 0.34222222 | G7: =0 -> 0 | H7: =MIN(1,(IF(AND(0>=$D$4,0<=$F$4),0,0)+IF(AND(1>=$D$4,1<=$F$4),D7,0)+IF(AND(2>=$D$4,2<=$F$4),D7+E7,0)+IF(AND(3>=$D$4,3<=$F$4),D7+E7+F7,0)+IF(AND(4>=$D$4,4<=$F$4),D7+E7+F7+G7,0)+IF(AND(5>=$D$4,5<=$F$4),D7+E7+F7+G7,0)+IF(AND(6>=$D$4,6<=$F$4),D7+E7+F7+G7,0)+IF(AND(7>=$D$4,7<=$F$4),D7+E7+F7+G7,0)+IF(AND(8>=$D$4,8<=$F$4),D7+E7+F7+G7,0))/($F$4-$D$4+1)) -> 0.82888889 | I7: Scavenging (20 ash) | J7: Coil of rope 1-1 (60%), Bramble thorn 1-1 (40%) | L7: scavenge · perception 35 XP · 2.6s
A8: camp_bedroll | B8: Torn blanket | C8: =Encounters!F51 -> 7 | D8: =$C$8/SUM($C$6:$C$8) -> 0.28 | E8: =($C$6/SUM($C$6:$C$8))*($C$8/(SUM($C$6:$C$8)-$C$6))+($C$7/SUM($C$6:$C$8))*($C$8/(SUM($C$6:$C$8)-$C$7)) -> 0.31843137 | F8: =($C$6/SUM($C$6:$C$8))*($C$7/(SUM($C$6:$C$8)-$C$6))*($C$8/(SUM($C$6:$C$8)-$C$6-$C$7))+($C$7/SUM($C$6:$C$8))*($C$6/(SUM($C$6:$C$8)-$C$7))*($C$8/(SUM($C$6:$C$8)-$C$7-$C$6)) -> 0.40156863 | G8: =0 -> 0 | H8: =MIN(1,(IF(AND(0>=$D$4,0<=$F$4),0,0)+IF(AND(1>=$D$4,1<=$F$4),D8,0)+IF(AND(2>=$D$4,2<=$F$4),D8+E8,0)+IF(AND(3>=$D$4,3<=$F$4),D8+E8+F8,0)+IF(AND(4>=$D$4,4<=$F$4),D8+E8+F8+G8,0)+IF(AND(5>=$D$4,5<=$F$4),D8+E8+F8+G8,0)+IF(AND(6>=$D$4,6<=$F$4),D8+E8+F8+G8,0)+IF(AND(7>=$D$4,7<=$F$4),D8+E8+F8+G8,0)+IF(AND(8>=$D$4,8<=$F$4),D8+E8+F8+G8,0))/($F$4-$D$4+1)) -> 0.79921569 | I8: Scavenging (20 ash) | J8: Cloth scrap 1-3 | L8: teaches padded_jerkin · scavenge · endurance 35 XP · 2.8s
B9: Check: picks per life | H9: =SUM(H6:H8) -> 2.5
A11: Fallen watchtower | C11: Min | D11: 2 | E11: Max | F11: 4 | G11: structure: tower · min ring 3 · uncommon
A12: ID | B12: Name | C12: Weight (Encounters sheet) | D12: P(1st pick) | E12: P(2nd pick) | F12: P(3rd pick) | G12: P(4th pick) | H12: P(shows up in a life) | I12: Unlock | J12: Fixed loot | K12: Bonus table | L12: Other
A13: tower_rubble | B13: Fallen stones | C13: =Encounters!F52 -> 10 | D13: =$C$13/SUM($C$13:$C$17) -> 0.3125 | E13: =($C$14/SUM($C$13:$C$17))*($C$13/(SUM($C$13:$C$17)-$C$14))+($C$15/SUM($C$13:$C$17))*($C$13/(SUM($C$13:$C$17)-$C$15))+($C$16/SUM($C$13:$C$17))*($C$13/(SUM($C$13:$C$17)-$C$16))+($C$17/SUM($C$13:$C$17))*($C$13/(SUM($C$13:$C$17)-$C$17)) -> 0.25997151 | F13: =($C$14/SUM($C$13:$C$17))*($C$15/(SUM($C$13:$C$17)-$C$14))*($C$13/(SUM($C$13:$C$17)-$C$14-$C$15))+($C$14/SUM($C$13:$C$17))*($C$16/(SUM($C$13:$C$17)-$C$14))*($C$13/(SUM($C$13:$C$17)-$C$14-$C$16))+($C$14/SUM($C$13:$C$17))*($C$17/(SUM($C$13:$C$17)-$C$14))*($C$13/(SUM($C$13:$C$17)-$C$14-$C$17))+($C$15/SUM($C$13:$C$17))*($C$14/(SUM($C$13:$C$17)-$C$15))*($C$13/(SUM($C$13:$C$17)-$C$15-$C$14))+($C$15/SUM($C$13:$C$17))*($C$16/(SUM($C$13:$C$17)-$C$15))*($C$13/(SUM($C$13:$C$17)-$C$15-$C$16))+($C$15/SUM($C$13:$C$17))*($C$17/(SUM($C$13:$C$17)-$C$15))*($C$13/(SUM($C$13:$C$17)-$C$15-$C$17))+($C$16/SUM($C$13:$C$17))*($C$14/(SUM($C$13:$C$17)-$C$16))*($C$13/(SUM($C$13:$C$17)-$C$16-$C$14))+($C$16/SUM($C$13:$C$17))*($C$15/(SUM($C$13:$C$17)-$C$16))*($C$13/(SUM($C$13:$C$17)-$C$16-$C$15))+($C$16/SUM($C$13:$C$17))*($C$17/(SUM($C$13:$C$17)-$C$16))*($C$13/(SUM($C$13:$C$17)-$C$16-$C$17))+($C$17/SUM($C$13:$C$17))*($C$14/(SUM($C$13:$C$17)-$C$17))*($C$13/(SUM($C$13:$C$17)-$C$17-$C$14))+($C$17/SUM($C$13:$C$17))*($C$15/(SUM($C$13:$C$17)-$C$17))*($C$13/(SUM($C$13:$C$17)-$C$17-$C$15))+($C$17/SUM($C$13:$C$17))*($C$16/(SUM($C$13:$C$17)-$C$17))*($C$13/(SUM($C$13:$C$17)-$C$17-$C$16)) -> 0.20439283 | G13: =($C$14/SUM($C$13:$C$17))*($C$15/(SUM($C$13:$C$17)-$C$14))*($C$16/(SUM($C$13:$C$17)-$C$14-$C$15))*($C$13/(SUM($C$13:$C$17)-$C$14-$C$15-$C$16))+($C$14/SUM($C$13:$C$17))*($C$15/(SUM($C$13:$C$17)-$C$14))*($C$17/(SUM($C$13:$C$17)-$C$14-$C$15))*($C$13/(SUM($C$13:$C$17)-$C$14-$C$15-$C$17))+($C$14/SUM($C$13:$C$17))*($C$16/(SUM($C$13:$C$17)-$C$14))*($C$15/(SUM($C$13:$C$17)-$C$14-$C$16))*($C$13/(SUM($C$13:$C$17)-$C$14-$C$16-$C$15))+($C$14/SUM($C$13:$C$17))*($C$16/(SUM($C$13:$C$17)-$C$14))*($C$17/(SUM($C$13:$C$17)-$C$14-$C$16))*($C$13/(SUM($C$13:$C$17)-$C$14-$C$16-$C$17))+($C$14/SUM($C$13:$C$17))*($C$17/(SUM($C$13:$C$17)-$C$14))*($C$15/(SUM($C$13:$C$17)-$C$14-$C$17))*($C$13/(SUM($C$13:$C$17)-$C$14-$C$17-$C$15))+($C$14/SUM($C$13:$C$17))*($C$17/(SUM($C$13:$C$17)-$C$14))*($C$16/(SUM($C$13:$C$17)-$C$14-$C$17))*($C$13/(SUM($C$13:$C$17)-$C$14-$C$17-$C$16))+($C$15/SUM($C$13:$C$17))*($C$14/(SUM($C$13:$C$17)-$C$15))*($C$16/(SUM($C$13:$C$17)-$C$15-$C$14))*($C$13/(SUM($C$13:$C$17)-$C$15-$C$14-$C$16))+($C$15/SUM($C$13:$C$17))*($C$14/(SUM($C$13:$C$17)-$C$15))*($C$17/(SUM($C$13:$C$17)-$C$15-$C$14))*($C$13/(SUM($C$13:$C$17)-$C$15-$C$14-$C$17))+($C$15/SUM($C$13:$C$17))*($C$16/(SUM($C$13:$C$17)-$C$15))*($C$14/(SUM($C$13:$C$17)-$C$15-$C$16))*($C$13/(SUM($C$13:$C$17)-$C$15-$C$16-$C$14))+($C$15/SUM($C$13:$C$17))*($C$16/(SUM($C$13:$C$17)-$C$15))*($C$17/(SUM($C$13:$C$17)-$C$15-$C$16))*($C$13/(SUM($C$13:$C$17)-$C$15-$C$16-$C$17))+($C$15/SUM($C$13:$C$17))*($C$17/(SUM($C$13:$C$17)-$C$15))*($C$14/(SUM($C$13:$C$17)-$C$15-$C$17))*($C$13/(SUM($C$13:$C$17)-$C$15-$C$17-$C$14))+($C$15/SUM($C$13:$C$17))*($C$17/(SUM($C$13:$C$17)-$C$15))*($C$16/(SUM($C$13:$C$17)-$C$15-$C$17))*($C$13/(SUM($C$13:$C$17)-$C$15-$C$17-$C$16))+($C$16/SUM($C$13:$C$17))*($C$14/(SUM($C$13:$C$17)-$C$16))*($C$15/(SUM($C$13:$C$17)-$C$16-$C$14))*($C$13/(SUM($C$13:$C$17)-$C$16-$C$14-$C$15))+($C$16/SUM($C$13:$C$17))*($C$14/(SUM($C$13:$C$17)-$C$16))*($C$17/(SUM($C$13:$C$17)-$C$16-$C$14))*($C$13/(SUM($C$13:$C$17)-$C$16-$C$14-$C$17))+($C$16/SUM($C$13:$C$17))*($C$15/(SUM($C$13:$C$17)-$C$16))*($C$14/(SUM($C$13:$C$17)-$C$16-$C$15))*($C$13/(SUM($C$13:$C$17)-$C$16-$C$15-$C$14))+($C$16/SUM($C$13:$C$17))*($C$15/(SUM($C$13:$C$17)-$C$16))*($C$17/(SUM($C$13:$C$17)-$C$16-$C$15))*($C$13/(SUM($C$13:$C$17)-$C$16-$C$15-$C$17))+($C$16/SUM($C$13:$C$17))*($C$17/(SUM($C$13:$C$17)-$C$16))*($C$14/(SUM($C$13:$C$17)-$C$16-$C$17))*($C$13/(SUM($C$13:$C$17)-$C$16-$C$17-$C$14))+($C$16/SUM($C$13:$C$17))*($C$17/(SUM($C$13:$C$17)-$C$16))*($C$15/(SUM($C$13:$C$17)-$C$16-$C$17))*($C$13/(SUM($C$13:$C$17)-$C$16-$C$17-$C$15))+($C$17/SUM($C$13:$C$17))*($C$14/(SUM($C$13:$C$17)-$C$17))*($C$15/(SUM($C$13:$C$17)-$C$17-$C$14))*($C$13/(SUM($C$13:$C$17)-$C$17-$C$14-$C$15))+($C$17/SUM($C$13:$C$17))*($C$14/(SUM($C$13:$C$17)-$C$17))*($C$16/(SUM($C$13:$C$17)-$C$17-$C$14))*($C$13/(SUM($C$13:$C$17)-$C$17-$C$14-$C$16))+($C$17/SUM($C$13:$C$17))*($C$15/(SUM($C$13:$C$17)-$C$17))*($C$14/(SUM($C$13:$C$17)-$C$17-$C$15))*($C$13/(SUM($C$13:$C$17)-$C$17-$C$15-$C$14))+($C$17/SUM($C$13:$C$17))*($C$15/(SUM($C$13:$C$17)-$C$17))*($C$16/(SUM($C$13:$C$17)-$C$17-$C$15))*($C$13/(SUM($C$13:$C$17)-$C$17-$C$15-$C$16))+($C$17/SUM($C$13:$C$17))*($C$16/(SUM($C$13:$C$17)-$C$17))*($C$14/(SUM($C$13:$C$17)-$C$17-$C$16))*($C$13/(SUM($C$13:$C$17)-$C$17-$C$16-$C$14))+($C$17/SUM($C$13:$C$17))*($C$16/(SUM($C$13:$C$17)-$C$17))*($C$15/(SUM($C$13:$C$17)-$C$17-$C$16))*($C$13/(SUM($C$13:$C$17)-$C$17-$C$16-$C$15)) -> 0.14463314 | H13: =MIN(1,(IF(AND(0>=$D$11,0<=$F$11),0,0)+IF(AND(1>=$D$11,1<=$F$11),D13,0)+IF(AND(2>=$D$11,2<=$F$11),D13+E13,0)+IF(AND(3>=$D$11,3<=$F$11),D13+E13+F13,0)+IF(AND(4>=$D$11,4<=$F$11),D13+E13+F13+G13,0)+IF(AND(5>=$D$11,5<=$F$11),D13+E13+F13+G13,0)+IF(AND(6>=$D$11,6<=$F$11),D13+E13+F13+G13,0)+IF(AND(7>=$D$11,7<=$F$11),D13+E13+F13+G13,0)+IF(AND(8>=$D$11,8<=$F$11),D13+E13+F13+G13,0))/($F$11-$D$11+1)) -> 0.75694444 | I13: Road lore (70 ash) | J13: Iron nails 1-2 (80%), Stick 1-1 | K13: traveller_cache | L13: scavenge · strength 45 XP · 3.4s
A14: tower_stair | B14: Broken stairs | C14: =Encounters!F53 -> 6 | D14: =$C$14/SUM($C$13:$C$17) -> 0.1875 | E14: =($C$13/SUM($C$13:$C$17))*($C$14/(SUM($C$13:$C$17)-$C$13))+($C$15/SUM($C$13:$C$17))*($C$14/(SUM($C$13:$C$17)-$C$15))+($C$16/SUM($C$13:$C$17))*($C$14/(SUM($C$13:$C$17)-$C$16))+($C$17/SUM($C$13:$C$17))*($C$14/(SUM($C$13:$C$17)-$C$17)) -> 0.19794095 | F14: =($C$13/SUM($C$13:$C$17))*($C$15/(SUM($C$13:$C$17)-$C$13))*($C$14/(SUM($C$13:$C$17)-$C$13-$C$15))+($C$13/SUM($C$13:$C$17))*($C$16/(SUM($C$13:$C$17)-$C$13))*($C$14/(SUM($C$13:$C$17)-$C$13-$C$16))+($C$13/SUM($C$13:$C$17))*($C$17/(SUM($C$13:$C$17)-$C$13))*($C$14/(SUM($C$13:$C$17)-$C$13-$C$17))+($C$15/SUM($C$13:$C$17))*($C$13/(SUM($C$13:$C$17)-$C$15))*($C$14/(SUM($C$13:$C$17)-$C$15-$C$13))+($C$15/SUM($C$13:$C$17))*($C$16/(SUM($C$13:$C$17)-$C$15))*($C$14/(SUM($C$13:$C$17)-$C$15-$C$16))+($C$15/SUM($C$13:$C$17))*($C$17/(SUM($C$13:$C$17)-$C$15))*($C$14/(SUM($C$13:$C$17)-$C$15-$C$17))+($C$16/SUM($C$13:$C$17))*($C$13/(SUM($C$13:$C$17)-$C$16))*($C$14/(SUM($C$13:$C$17)-$C$16-$C$13))+($C$16/SUM($C$13:$C$17))*($C$15/(SUM($C$13:$C$17)-$C$16))*($C$14/(SUM($C$13:$C$17)-$C$16-$C$15))+($C$16/SUM($C$13:$C$17))*($C$17/(SUM($C$13:$C$17)-$C$16))*($C$14/(SUM($C$13:$C$17)-$C$16-$C$17))+($C$17/SUM($C$13:$C$17))*($C$13/(SUM($C$13:$C$17)-$C$17))*($C$14/(SUM($C$13:$C$17)-$C$17-$C$13))+($C$17/SUM($C$13:$C$17))*($C$15/(SUM($C$13:$C$17)-$C$17))*($C$14/(SUM($C$13:$C$17)-$C$17-$C$15))+($C$17/SUM($C$13:$C$17))*($C$16/(SUM($C$13:$C$17)-$C$17))*($C$14/(SUM($C$13:$C$17)-$C$17-$C$16)) -> 0.20621535 | G14: =($C$13/SUM($C$13:$C$17))*($C$15/(SUM($C$13:$C$17)-$C$13))*($C$16/(SUM($C$13:$C$17)-$C$13-$C$15))*($C$14/(SUM($C$13:$C$17)-$C$13-$C$15-$C$16))+($C$13/SUM($C$13:$C$17))*($C$15/(SUM($C$13:$C$17)-$C$13))*($C$17/(SUM($C$13:$C$17)-$C$13-$C$15))*($C$14/(SUM($C$13:$C$17)-$C$13-$C$15-$C$17))+($C$13/SUM($C$13:$C$17))*($C$16/(SUM($C$13:$C$17)-$C$13))*($C$15/(SUM($C$13:$C$17)-$C$13-$C$16))*($C$14/(SUM($C$13:$C$17)-$C$13-$C$16-$C$15))+($C$13/SUM($C$13:$C$17))*($C$16/(SUM($C$13:$C$17)-$C$13))*($C$17/(SUM($C$13:$C$17)-$C$13-$C$16))*($C$14/(SUM($C$13:$C$17)-$C$13-$C$16-$C$17))+($C$13/SUM($C$13:$C$17))*($C$17/(SUM($C$13:$C$17)-$C$13))*($C$15/(SUM($C$13:$C$17)-$C$13-$C$17))*($C$14/(SUM($C$13:$C$17)-$C$13-$C$17-$C$15))+($C$13/SUM($C$13:$C$17))*($C$17/(SUM($C$13:$C$17)-$C$13))*($C$16/(SUM($C$13:$C$17)-$C$13-$C$17))*($C$14/(SUM($C$13:$C$17)-$C$13-$C$17-$C$16))+($C$15/SUM($C$13:$C$17))*($C$13/(SUM($C$13:$C$17)-$C$15))*($C$16/(SUM($C$13:$C$17)-$C$15-$C$13))*($C$14/(SUM($C$13:$C$17)-$C$15-$C$13-$C$16))+($C$15/SUM($C$13:$C$17))*($C$13/(SUM($C$13:$C$17)-$C$15))*($C$17/(SUM($C$13:$C$17)-$C$15-$C$13))*($C$14/(SUM($C$13:$C$17)-$C$15-$C$13-$C$17))+($C$15/SUM($C$13:$C$17))*($C$16/(SUM($C$13:$C$17)-$C$15))*($C$13/(SUM($C$13:$C$17)-$C$15-$C$16))*($C$14/(SUM($C$13:$C$17)-$C$15-$C$16-$C$13))+($C$15/SUM($C$13:$C$17))*($C$16/(SUM($C$13:$C$17)-$C$15))*($C$17/(SUM($C$13:$C$17)-$C$15-$C$16))*($C$14/(SUM($C$13:$C$17)-$C$15-$C$16-$C$17))+($C$15/SUM($C$13:$C$17))*($C$17/(SUM($C$13:$C$17)-$C$15))*($C$13/(SUM($C$13:$C$17)-$C$15-$C$17))*($C$14/(SUM($C$13:$C$17)-$C$15-$C$17-$C$13))+($C$15/SUM($C$13:$C$17))*($C$17/(SUM($C$13:$C$17)-$C$15))*($C$16/(SUM($C$13:$C$17)-$C$15-$C$17))*($C$14/(SUM($C$13:$C$17)-$C$15-$C$17-$C$16))+($C$16/SUM($C$13:$C$17))*($C$13/(SUM($C$13:$C$17)-$C$16))*($C$15/(SUM($C$13:$C$17)-$C$16-$C$13))*($C$14/(SUM($C$13:$C$17)-$C$16-$C$13-$C$15))+($C$16/SUM($C$13:$C$17))*($C$13/(SUM($C$13:$C$17)-$C$16))*($C$17/(SUM($C$13:$C$17)-$C$16-$C$13))*($C$14/(SUM($C$13:$C$17)-$C$16-$C$13-$C$17))+($C$16/SUM($C$13:$C$17))*($C$15/(SUM($C$13:$C$17)-$C$16))*($C$13/(SUM($C$13:$C$17)-$C$16-$C$15))*($C$14/(SUM($C$13:$C$17)-$C$16-$C$15-$C$13))+($C$16/SUM($C$13:$C$17))*($C$15/(SUM($C$13:$C$17)-$C$16))*($C$17/(SUM($C$13:$C$17)-$C$16-$C$15))*($C$14/(SUM($C$13:$C$17)-$C$16-$C$15-$C$17))+($C$16/SUM($C$13:$C$17))*($C$17/(SUM($C$13:$C$17)-$C$16))*($C$13/(SUM($C$13:$C$17)-$C$16-$C$17))*($C$14/(SUM($C$13:$C$17)-$C$16-$C$17-$C$13))+($C$16/SUM($C$13:$C$17))*($C$17/(SUM($C$13:$C$17)-$C$16))*($C$15/(SUM($C$13:$C$17)-$C$16-$C$17))*($C$14/(SUM($C$13:$C$17)-$C$16-$C$17-$C$15))+($C$17/SUM($C$13:$C$17))*($C$13/(SUM($C$13:$C$17)-$C$17))*($C$15/(SUM($C$13:$C$17)-$C$17-$C$13))*($C$14/(SUM($C$13:$C$17)-$C$17-$C$13-$C$15))+($C$17/SUM($C$13:$C$17))*($C$13/(SUM($C$13:$C$17)-$C$17))*($C$16/(SUM($C$13:$C$17)-$C$17-$C$13))*($C$14/(SUM($C$13:$C$17)-$C$17-$C$13-$C$16))+($C$17/SUM($C$13:$C$17))*($C$15/(SUM($C$13:$C$17)-$C$17))*($C$13/(SUM($C$13:$C$17)-$C$17-$C$15))*($C$14/(SUM($C$13:$C$17)-$C$17-$C$15-$C$13))+($C$17/SUM($C$13:$C$17))*($C$15/(SUM($C$13:$C$17)-$C$17))*($C$16/(SUM($C$13:$C$17)-$C$17-$C$15))*($C$14/(SUM($C$13:$C$17)-$C$17-$C$15-$C$16))+($C$17/SUM($C$13:$C$17))*($C$16/(SUM($C$13:$C$17)-$C$17))*($C$13/(SUM($C$13:$C$17)-$C$17-$C$16))*($C$14/(SUM($C$13:$C$17)-$C$17-$C$16-$C$13))+($C$17/SUM($C$13:$C$17))*($C$16/(SUM($C$13:$C$17)-$C$17))*($C$15/(SUM($C$13:$C$17)-$C$17-$C$16))*($C$14/(SUM($C$13:$C$17)-$C$17-$C$16-$C$15)) -> 0.20965554 | H14: =MIN(1,(IF(AND(0>=$D$11,0<=$F$11),0,0)+IF(AND(1>=$D$11,1<=$F$11),D14,0)+IF(AND(2>=$D$11,2<=$F$11),D14+E14,0)+IF(AND(3>=$D$11,3<=$F$11),D14+E14+F14,0)+IF(AND(4>=$D$11,4<=$F$11),D14+E14+F14+G14,0)+IF(AND(5>=$D$11,5<=$F$11),D14+E14+F14+G14,0)+IF(AND(6>=$D$11,6<=$F$11),D14+E14+F14+G14,0)+IF(AND(7>=$D$11,7<=$F$11),D14+E14+F14+G14,0)+IF(AND(8>=$D$11,8<=$F$11),D14+E14+F14+G14,0))/($F$11-$D$11+1)) -> 0.59280303 | I14: Road lore (70 ash) | J14: Bird egg 1-1 (50%) | L14: climb · agility 60 XP · 3.6s
A15: tower_armory | B15: Old weapon rack | C15: =Encounters!F54 -> 5 | D15: =$C$15/SUM($C$13:$C$17) -> 0.15625 | E15: =($C$13/SUM($C$13:$C$17))*($C$15/(SUM($C$13:$C$17)-$C$13))+($C$14/SUM($C$13:$C$17))*($C$15/(SUM($C$13:$C$17)-$C$14))+($C$16/SUM($C$13:$C$17))*($C$15/(SUM($C$13:$C$17)-$C$16))+($C$17/SUM($C$13:$C$17))*($C$15/(SUM($C$13:$C$17)-$C$17)) -> 0.1720733 | F15: =($C$13/SUM($C$13:$C$17))*($C$14/(SUM($C$13:$C$17)-$C$13))*($C$15/(SUM($C$13:$C$17)-$C$13-$C$14))+($C$13/SUM($C$13:$C$17))*($C$16/(SUM($C$13:$C$17)-$C$13))*($C$15/(SUM($C$13:$C$17)-$C$13-$C$16))+($C$13/SUM($C$13:$C$17))*($C$17/(SUM($C$13:$C$17)-$C$13))*($C$15/(SUM($C$13:$C$17)-$C$13-$C$17))+($C$14/SUM($C$13:$C$17))*($C$13/(SUM($C$13:$C$17)-$C$14))*($C$15/(SUM($C$13:$C$17)-$C$14-$C$13))+($C$14/SUM($C$13:$C$17))*($C$16/(SUM($C$13:$C$17)-$C$14))*($C$15/(SUM($C$13:$C$17)-$C$14-$C$16))+($C$14/SUM($C$13:$C$17))*($C$17/(SUM($C$13:$C$17)-$C$14))*($C$15/(SUM($C$13:$C$17)-$C$14-$C$17))+($C$16/SUM($C$13:$C$17))*($C$13/(SUM($C$13:$C$17)-$C$16))*($C$15/(SUM($C$13:$C$17)-$C$16-$C$13))+($C$16/SUM($C$13:$C$17))*($C$14/(SUM($C$13:$C$17)-$C$16))*($C$15/(SUM($C$13:$C$17)-$C$16-$C$14))+($C$16/SUM($C$13:$C$17))*($C$17/(SUM($C$13:$C$17)-$C$16))*($C$15/(SUM($C$13:$C$17)-$C$16-$C$17))+($C$17/SUM($C$13:$C$17))*($C$13/(SUM($C$13:$C$17)-$C$17))*($C$15/(SUM($C$13:$C$17)-$C$17-$C$13))+($C$17/SUM($C$13:$C$17))*($C$14/(SUM($C$13:$C$17)-$C$17))*($C$15/(SUM($C$13:$C$17)-$C$17-$C$14))+($C$17/SUM($C$13:$C$17))*($C$16/(SUM($C$13:$C$17)-$C$17))*($C$15/(SUM($C$13:$C$17)-$C$17-$C$16)) -> 0.19158823 | G15: =($C$13/SUM($C$13:$C$17))*($C$14/(SUM($C$13:$C$17)-$C$13))*($C$16/(SUM($C$13:$C$17)-$C$13-$C$14))*($C$15/(SUM($C$13:$C$17)-$C$13-$C$14-$C$16))+($C$13/SUM($C$13:$C$17))*($C$14/(SUM($C$13:$C$17)-$C$13))*($C$17/(SUM($C$13:$C$17)-$C$13-$C$14))*($C$15/(SUM($C$13:$C$17)-$C$13-$C$14-$C$17))+($C$13/SUM($C$13:$C$17))*($C$16/(SUM($C$13:$C$17)-$C$13))*($C$14/(SUM($C$13:$C$17)-$C$13-$C$16))*($C$15/(SUM($C$13:$C$17)-$C$13-$C$16-$C$14))+($C$13/SUM($C$13:$C$17))*($C$16/(SUM($C$13:$C$17)-$C$13))*($C$17/(SUM($C$13:$C$17)-$C$13-$C$16))*($C$15/(SUM($C$13:$C$17)-$C$13-$C$16-$C$17))+($C$13/SUM($C$13:$C$17))*($C$17/(SUM($C$13:$C$17)-$C$13))*($C$14/(SUM($C$13:$C$17)-$C$13-$C$17))*($C$15/(SUM($C$13:$C$17)-$C$13-$C$17-$C$14))+($C$13/SUM($C$13:$C$17))*($C$17/(SUM($C$13:$C$17)-$C$13))*($C$16/(SUM($C$13:$C$17)-$C$13-$C$17))*($C$15/(SUM($C$13:$C$17)-$C$13-$C$17-$C$16))+($C$14/SUM($C$13:$C$17))*($C$13/(SUM($C$13:$C$17)-$C$14))*($C$16/(SUM($C$13:$C$17)-$C$14-$C$13))*($C$15/(SUM($C$13:$C$17)-$C$14-$C$13-$C$16))+($C$14/SUM($C$13:$C$17))*($C$13/(SUM($C$13:$C$17)-$C$14))*($C$17/(SUM($C$13:$C$17)-$C$14-$C$13))*($C$15/(SUM($C$13:$C$17)-$C$14-$C$13-$C$17))+($C$14/SUM($C$13:$C$17))*($C$16/(SUM($C$13:$C$17)-$C$14))*($C$13/(SUM($C$13:$C$17)-$C$14-$C$16))*($C$15/(SUM($C$13:$C$17)-$C$14-$C$16-$C$13))+($C$14/SUM($C$13:$C$17))*($C$16/(SUM($C$13:$C$17)-$C$14))*($C$17/(SUM($C$13:$C$17)-$C$14-$C$16))*($C$15/(SUM($C$13:$C$17)-$C$14-$C$16-$C$17))+($C$14/SUM($C$13:$C$17))*($C$17/(SUM($C$13:$C$17)-$C$14))*($C$13/(SUM($C$13:$C$17)-$C$14-$C$17))*($C$15/(SUM($C$13:$C$17)-$C$14-$C$17-$C$13))+($C$14/SUM($C$13:$C$17))*($C$17/(SUM($C$13:$C$17)-$C$14))*($C$16/(SUM($C$13:$C$17)-$C$14-$C$17))*($C$15/(SUM($C$13:$C$17)-$C$14-$C$17-$C$16))+($C$16/SUM($C$13:$C$17))*($C$13/(SUM($C$13:$C$17)-$C$16))*($C$14/(SUM($C$13:$C$17)-$C$16-$C$13))*($C$15/(SUM($C$13:$C$17)-$C$16-$C$13-$C$14))+($C$16/SUM($C$13:$C$17))*($C$13/(SUM($C$13:$C$17)-$C$16))*($C$17/(SUM($C$13:$C$17)-$C$16-$C$13))*($C$15/(SUM($C$13:$C$17)-$C$16-$C$13-$C$17))+($C$16/SUM($C$13:$C$17))*($C$14/(SUM($C$13:$C$17)-$C$16))*($C$13/(SUM($C$13:$C$17)-$C$16-$C$14))*($C$15/(SUM($C$13:$C$17)-$C$16-$C$14-$C$13))+($C$16/SUM($C$13:$C$17))*($C$14/(SUM($C$13:$C$17)-$C$16))*($C$17/(SUM($C$13:$C$17)-$C$16-$C$14))*($C$15/(SUM($C$13:$C$17)-$C$16-$C$14-$C$17))+($C$16/SUM($C$13:$C$17))*($C$17/(SUM($C$13:$C$17)-$C$16))*($C$13/(SUM($C$13:$C$17)-$C$16-$C$17))*($C$15/(SUM($C$13:$C$17)-$C$16-$C$17-$C$13))+($C$16/SUM($C$13:$C$17))*($C$17/(SUM($C$13:$C$17)-$C$16))*($C$14/(SUM($C$13:$C$17)-$C$16-$C$17))*($C$15/(SUM($C$13:$C$17)-$C$16-$C$17-$C$14))+($C$17/SUM($C$13:$C$17))*($C$13/(SUM($C$13:$C$17)-$C$17))*($C$14/(SUM($C$13:$C$17)-$C$17-$C$13))*($C$15/(SUM($C$13:$C$17)-$C$17-$C$13-$C$14))+($C$17/SUM($C$13:$C$17))*($C$13/(SUM($C$13:$C$17)-$C$17))*($C$16/(SUM($C$13:$C$17)-$C$17-$C$13))*($C$15/(SUM($C$13:$C$17)-$C$17-$C$13-$C$16))+($C$17/SUM($C$13:$C$17))*($C$14/(SUM($C$13:$C$17)-$C$17))*($C$13/(SUM($C$13:$C$17)-$C$17-$C$14))*($C$15/(SUM($C$13:$C$17)-$C$17-$C$14-$C$13))+($C$17/SUM($C$13:$C$17))*($C$14/(SUM($C$13:$C$17)-$C$17))*($C$16/(SUM($C$13:$C$17)-$C$17-$C$14))*($C$15/(SUM($C$13:$C$17)-$C$17-$C$14-$C$16))+($C$17/SUM($C$13:$C$17))*($C$16/(SUM($C$13:$C$17)-$C$17))*($C$13/(SUM($C$13:$C$17)-$C$17-$C$16))*($C$15/(SUM($C$13:$C$17)-$C$17-$C$16-$C$13))+($C$17/SUM($C$13:$C$17))*($C$16/(SUM($C$13:$C$17)-$C$17))*($C$14/(SUM($C$13:$C$17)-$C$17-$C$16))*($C$15/(SUM($C$13:$C$17)-$C$17-$C$16-$C$14)) -> 0.21802789 | H15: =MIN(1,(IF(AND(0>=$D$11,0<=$F$11),0,0)+IF(AND(1>=$D$11,1<=$F$11),D15,0)+IF(AND(2>=$D$11,2<=$F$11),D15+E15,0)+IF(AND(3>=$D$11,3<=$F$11),D15+E15+F15,0)+IF(AND(4>=$D$11,4<=$F$11),D15+E15+F15+G15,0)+IF(AND(5>=$D$11,5<=$F$11),D15+E15+F15+G15,0)+IF(AND(6>=$D$11,6<=$F$11),D15+E15+F15+G15,0)+IF(AND(7>=$D$11,7<=$F$11),D15+E15+F15+G15,0)+IF(AND(8>=$D$11,8<=$F$11),D15+E15+F15+G15,0))/($F$11-$D$11+1)) -> 0.52872475 | I15: Road lore (70 ash) | J15: Iron nails 2-3 | L15: teaches studded_wrap · scavenge · strength 55 XP · 4s
A16: tower_marks | B16: Scratched warnings | C16: =Encounters!F55 -> 6 | D16: =$C$16/SUM($C$13:$C$17) -> 0.1875 | E16: =($C$13/SUM($C$13:$C$17))*($C$16/(SUM($C$13:$C$17)-$C$13))+($C$14/SUM($C$13:$C$17))*($C$16/(SUM($C$13:$C$17)-$C$14))+($C$15/SUM($C$13:$C$17))*($C$16/(SUM($C$13:$C$17)-$C$15))+($C$17/SUM($C$13:$C$17))*($C$16/(SUM($C$13:$C$17)-$C$17)) -> 0.19794095 | F16: =($C$13/SUM($C$13:$C$17))*($C$14/(SUM($C$13:$C$17)-$C$13))*($C$16/(SUM($C$13:$C$17)-$C$13-$C$14))+($C$13/SUM($C$13:$C$17))*($C$15/(SUM($C$13:$C$17)-$C$13))*($C$16/(SUM($C$13:$C$17)-$C$13-$C$15))+($C$13/SUM($C$13:$C$17))*($C$17/(SUM($C$13:$C$17)-$C$13))*($C$16/(SUM($C$13:$C$17)-$C$13-$C$17))+($C$14/SUM($C$13:$C$17))*($C$13/(SUM($C$13:$C$17)-$C$14))*($C$16/(SUM($C$13:$C$17)-$C$14-$C$13))+($C$14/SUM($C$13:$C$17))*($C$15/(SUM($C$13:$C$17)-$C$14))*($C$16/(SUM($C$13:$C$17)-$C$14-$C$15))+($C$14/SUM($C$13:$C$17))*($C$17/(SUM($C$13:$C$17)-$C$14))*($C$16/(SUM($C$13:$C$17)-$C$14-$C$17))+($C$15/SUM($C$13:$C$17))*($C$13/(SUM($C$13:$C$17)-$C$15))*($C$16/(SUM($C$13:$C$17)-$C$15-$C$13))+($C$15/SUM($C$13:$C$17))*($C$14/(SUM($C$13:$C$17)-$C$15))*($C$16/(SUM($C$13:$C$17)-$C$15-$C$14))+($C$15/SUM($C$13:$C$17))*($C$17/(SUM($C$13:$C$17)-$C$15))*($C$16/(SUM($C$13:$C$17)-$C$15-$C$17))+($C$17/SUM($C$13:$C$17))*($C$13/(SUM($C$13:$C$17)-$C$17))*($C$16/(SUM($C$13:$C$17)-$C$17-$C$13))+($C$17/SUM($C$13:$C$17))*($C$14/(SUM($C$13:$C$17)-$C$17))*($C$16/(SUM($C$13:$C$17)-$C$17-$C$14))+($C$17/SUM($C$13:$C$17))*($C$15/(SUM($C$13:$C$17)-$C$17))*($C$16/(SUM($C$13:$C$17)-$C$17-$C$15)) -> 0.20621535 | G16: =($C$13/SUM($C$13:$C$17))*($C$14/(SUM($C$13:$C$17)-$C$13))*($C$15/(SUM($C$13:$C$17)-$C$13-$C$14))*($C$16/(SUM($C$13:$C$17)-$C$13-$C$14-$C$15))+($C$13/SUM($C$13:$C$17))*($C$14/(SUM($C$13:$C$17)-$C$13))*($C$17/(SUM($C$13:$C$17)-$C$13-$C$14))*($C$16/(SUM($C$13:$C$17)-$C$13-$C$14-$C$17))+($C$13/SUM($C$13:$C$17))*($C$15/(SUM($C$13:$C$17)-$C$13))*($C$14/(SUM($C$13:$C$17)-$C$13-$C$15))*($C$16/(SUM($C$13:$C$17)-$C$13-$C$15-$C$14))+($C$13/SUM($C$13:$C$17))*($C$15/(SUM($C$13:$C$17)-$C$13))*($C$17/(SUM($C$13:$C$17)-$C$13-$C$15))*($C$16/(SUM($C$13:$C$17)-$C$13-$C$15-$C$17))+($C$13/SUM($C$13:$C$17))*($C$17/(SUM($C$13:$C$17)-$C$13))*($C$14/(SUM($C$13:$C$17)-$C$13-$C$17))*($C$16/(SUM($C$13:$C$17)-$C$13-$C$17-$C$14))+($C$13/SUM($C$13:$C$17))*($C$17/(SUM($C$13:$C$17)-$C$13))*($C$15/(SUM($C$13:$C$17)-$C$13-$C$17))*($C$16/(SUM($C$13:$C$17)-$C$13-$C$17-$C$15))+($C$14/SUM($C$13:$C$17))*($C$13/(SUM($C$13:$C$17)-$C$14))*($C$15/(SUM($C$13:$C$17)-$C$14-$C$13))*($C$16/(SUM($C$13:$C$17)-$C$14-$C$13-$C$15))+($C$14/SUM($C$13:$C$17))*($C$13/(SUM($C$13:$C$17)-$C$14))*($C$17/(SUM($C$13:$C$17)-$C$14-$C$13))*($C$16/(SUM($C$13:$C$17)-$C$14-$C$13-$C$17))+($C$14/SUM($C$13:$C$17))*($C$15/(SUM($C$13:$C$17)-$C$14))*($C$13/(SUM($C$13:$C$17)-$C$14-$C$15))*($C$16/(SUM($C$13:$C$17)-$C$14-$C$15-$C$13))+($C$14/SUM($C$13:$C$17))*($C$15/(SUM($C$13:$C$17)-$C$14))*($C$17/(SUM($C$13:$C$17)-$C$14-$C$15))*($C$16/(SUM($C$13:$C$17)-$C$14-$C$15-$C$17))+($C$14/SUM($C$13:$C$17))*($C$17/(SUM($C$13:$C$17)-$C$14))*($C$13/(SUM($C$13:$C$17)-$C$14-$C$17))*($C$16/(SUM($C$13:$C$17)-$C$14-$C$17-$C$13))+($C$14/SUM($C$13:$C$17))*($C$17/(SUM($C$13:$C$17)-$C$14))*($C$15/(SUM($C$13:$C$17)-$C$14-$C$17))*($C$16/(SUM($C$13:$C$17)-$C$14-$C$17-$C$15))+($C$15/SUM($C$13:$C$17))*($C$13/(SUM($C$13:$C$17)-$C$15))*($C$14/(SUM($C$13:$C$17)-$C$15-$C$13))*($C$16/(SUM($C$13:$C$17)-$C$15-$C$13-$C$14))+($C$15/SUM($C$13:$C$17))*($C$13/(SUM($C$13:$C$17)-$C$15))*($C$17/(SUM($C$13:$C$17)-$C$15-$C$13))*($C$16/(SUM($C$13:$C$17)-$C$15-$C$13-$C$17))+($C$15/SUM($C$13:$C$17))*($C$14/(SUM($C$13:$C$17)-$C$15))*($C$13/(SUM($C$13:$C$17)-$C$15-$C$14))*($C$16/(SUM($C$13:$C$17)-$C$15-$C$14-$C$13))+($C$15/SUM($C$13:$C$17))*($C$14/(SUM($C$13:$C$17)-$C$15))*($C$17/(SUM($C$13:$C$17)-$C$15-$C$14))*($C$16/(SUM($C$13:$C$17)-$C$15-$C$14-$C$17))+($C$15/SUM($C$13:$C$17))*($C$17/(SUM($C$13:$C$17)-$C$15))*($C$13/(SUM($C$13:$C$17)-$C$15-$C$17))*($C$16/(SUM($C$13:$C$17)-$C$15-$C$17-$C$13))+($C$15/SUM($C$13:$C$17))*($C$17/(SUM($C$13:$C$17)-$C$15))*($C$14/(SUM($C$13:$C$17)-$C$15-$C$17))*($C$16/(SUM($C$13:$C$17)-$C$15-$C$17-$C$14))+($C$17/SUM($C$13:$C$17))*($C$13/(SUM($C$13:$C$17)-$C$17))*($C$14/(SUM($C$13:$C$17)-$C$17-$C$13))*($C$16/(SUM($C$13:$C$17)-$C$17-$C$13-$C$14))+($C$17/SUM($C$13:$C$17))*($C$13/(SUM($C$13:$C$17)-$C$17))*($C$15/(SUM($C$13:$C$17)-$C$17-$C$13))*($C$16/(SUM($C$13:$C$17)-$C$17-$C$13-$C$15))+($C$17/SUM($C$13:$C$17))*($C$14/(SUM($C$13:$C$17)-$C$17))*($C$13/(SUM($C$13:$C$17)-$C$17-$C$14))*($C$16/(SUM($C$13:$C$17)-$C$17-$C$14-$C$13))+($C$17/SUM($C$13:$C$17))*($C$14/(SUM($C$13:$C$17)-$C$17))*($C$15/(SUM($C$13:$C$17)-$C$17-$C$14))*($C$16/(SUM($C$13:$C$17)-$C$17-$C$14-$C$15))+($C$17/SUM($C$13:$C$17))*($C$15/(SUM($C$13:$C$17)-$C$17))*($C$13/(SUM($C$13:$C$17)-$C$17-$C$15))*($C$16/(SUM($C$13:$C$17)-$C$17-$C$15-$C$13))+($C$17/SUM($C$13:$C$17))*($C$15/(SUM($C$13:$C$17)-$C$17))*($C$14/(SUM($C$13:$C$17)-$C$17-$C$15))*($C$16/(SUM($C$13:$C$17)-$C$17-$C$15-$C$14)) -> 0.20965554 | H16: =MIN(1,(IF(AND(0>=$D$11,0<=$F$11),0,0)+IF(AND(1>=$D$11,1<=$F$11),D16,0)+IF(AND(2>=$D$11,2<=$F$11),D16+E16,0)+IF(AND(3>=$D$11,3<=$F$11),D16+E16+F16,0)+IF(AND(4>=$D$11,4<=$F$11),D16+E16+F16+G16,0)+IF(AND(5>=$D$11,5<=$F$11),D16+E16+F16+G16,0)+IF(AND(6>=$D$11,6<=$F$11),D16+E16+F16+G16,0)+IF(AND(7>=$D$11,7<=$F$11),D16+E16+F16+G16,0)+IF(AND(8>=$D$11,8<=$F$11),D16+E16+F16+G16,0))/($F$11-$D$11+1)) -> 0.59280303 | I16: Road lore (70 ash) | L16: study · intelligence 75 XP · 4.2s
A17: tower_guard | B17: Fallen guard | C17: =Encounters!F69 -> 5 | D17: =$C$17/SUM($C$13:$C$17) -> 0.15625 | E17: =($C$13/SUM($C$13:$C$17))*($C$17/(SUM($C$13:$C$17)-$C$13))+($C$14/SUM($C$13:$C$17))*($C$17/(SUM($C$13:$C$17)-$C$14))+($C$15/SUM($C$13:$C$17))*($C$17/(SUM($C$13:$C$17)-$C$15))+($C$16/SUM($C$13:$C$17))*($C$17/(SUM($C$13:$C$17)-$C$16)) -> 0.1720733 | F17: =($C$13/SUM($C$13:$C$17))*($C$14/(SUM($C$13:$C$17)-$C$13))*($C$17/(SUM($C$13:$C$17)-$C$13-$C$14))+($C$13/SUM($C$13:$C$17))*($C$15/(SUM($C$13:$C$17)-$C$13))*($C$17/(SUM($C$13:$C$17)-$C$13-$C$15))+($C$13/SUM($C$13:$C$17))*($C$16/(SUM($C$13:$C$17)-$C$13))*($C$17/(SUM($C$13:$C$17)-$C$13-$C$16))+($C$14/SUM($C$13:$C$17))*($C$13/(SUM($C$13:$C$17)-$C$14))*($C$17/(SUM($C$13:$C$17)-$C$14-$C$13))+($C$14/SUM($C$13:$C$17))*($C$15/(SUM($C$13:$C$17)-$C$14))*($C$17/(SUM($C$13:$C$17)-$C$14-$C$15))+($C$14/SUM($C$13:$C$17))*($C$16/(SUM($C$13:$C$17)-$C$14))*($C$17/(SUM($C$13:$C$17)-$C$14-$C$16))+($C$15/SUM($C$13:$C$17))*($C$13/(SUM($C$13:$C$17)-$C$15))*($C$17/(SUM($C$13:$C$17)-$C$15-$C$13))+($C$15/SUM($C$13:$C$17))*($C$14/(SUM($C$13:$C$17)-$C$15))*($C$17/(SUM($C$13:$C$17)-$C$15-$C$14))+($C$15/SUM($C$13:$C$17))*($C$16/(SUM($C$13:$C$17)-$C$15))*($C$17/(SUM($C$13:$C$17)-$C$15-$C$16))+($C$16/SUM($C$13:$C$17))*($C$13/(SUM($C$13:$C$17)-$C$16))*($C$17/(SUM($C$13:$C$17)-$C$16-$C$13))+($C$16/SUM($C$13:$C$17))*($C$14/(SUM($C$13:$C$17)-$C$16))*($C$17/(SUM($C$13:$C$17)-$C$16-$C$14))+($C$16/SUM($C$13:$C$17))*($C$15/(SUM($C$13:$C$17)-$C$16))*($C$17/(SUM($C$13:$C$17)-$C$16-$C$15)) -> 0.19158823 | G17: =($C$13/SUM($C$13:$C$17))*($C$14/(SUM($C$13:$C$17)-$C$13))*($C$15/(SUM($C$13:$C$17)-$C$13-$C$14))*($C$17/(SUM($C$13:$C$17)-$C$13-$C$14-$C$15))+($C$13/SUM($C$13:$C$17))*($C$14/(SUM($C$13:$C$17)-$C$13))*($C$16/(SUM($C$13:$C$17)-$C$13-$C$14))*($C$17/(SUM($C$13:$C$17)-$C$13-$C$14-$C$16))+($C$13/SUM($C$13:$C$17))*($C$15/(SUM($C$13:$C$17)-$C$13))*($C$14/(SUM($C$13:$C$17)-$C$13-$C$15))*($C$17/(SUM($C$13:$C$17)-$C$13-$C$15-$C$14))+($C$13/SUM($C$13:$C$17))*($C$15/(SUM($C$13:$C$17)-$C$13))*($C$16/(SUM($C$13:$C$17)-$C$13-$C$15))*($C$17/(SUM($C$13:$C$17)-$C$13-$C$15-$C$16))+($C$13/SUM($C$13:$C$17))*($C$16/(SUM($C$13:$C$17)-$C$13))*($C$14/(SUM($C$13:$C$17)-$C$13-$C$16))*($C$17/(SUM($C$13:$C$17)-$C$13-$C$16-$C$14))+($C$13/SUM($C$13:$C$17))*($C$16/(SUM($C$13:$C$17)-$C$13))*($C$15/(SUM($C$13:$C$17)-$C$13-$C$16))*($C$17/(SUM($C$13:$C$17)-$C$13-$C$16-$C$15))+($C$14/SUM($C$13:$C$17))*($C$13/(SUM($C$13:$C$17)-$C$14))*($C$15/(SUM($C$13:$C$17)-$C$14-$C$13))*($C$17/(SUM($C$13:$C$17)-$C$14-$C$13-$C$15))+($C$14/SUM($C$13:$C$17))*($C$13/(SUM($C$13:$C$17)-$C$14))*($C$16/(SUM($C$13:$C$17)-$C$14-$C$13))*($C$17/(SUM($C$13:$C$17)-$C$14-$C$13-$C$16))+($C$14/SUM($C$13:$C$17))*($C$15/(SUM($C$13:$C$17)-$C$14))*($C$13/(SUM($C$13:$C$17)-$C$14-$C$15))*($C$17/(SUM($C$13:$C$17)-$C$14-$C$15-$C$13))+($C$14/SUM($C$13:$C$17))*($C$15/(SUM($C$13:$C$17)-$C$14))*($C$16/(SUM($C$13:$C$17)-$C$14-$C$15))*($C$17/(SUM($C$13:$C$17)-$C$14-$C$15-$C$16))+($C$14/SUM($C$13:$C$17))*($C$16/(SUM($C$13:$C$17)-$C$14))*($C$13/(SUM($C$13:$C$17)-$C$14-$C$16))*($C$17/(SUM($C$13:$C$17)-$C$14-$C$16-$C$13))+($C$14/SUM($C$13:$C$17))*($C$16/(SUM($C$13:$C$17)-$C$14))*($C$15/(SUM($C$13:$C$17)-$C$14-$C$16))*($C$17/(SUM($C$13:$C$17)-$C$14-$C$16-$C$15))+($C$15/SUM($C$13:$C$17))*($C$13/(SUM($C$13:$C$17)-$C$15))*($C$14/(SUM($C$13:$C$17)-$C$15-$C$13))*($C$17/(SUM($C$13:$C$17)-$C$15-$C$13-$C$14))+($C$15/SUM($C$13:$C$17))*($C$13/(SUM($C$13:$C$17)-$C$15))*($C$16/(SUM($C$13:$C$17)-$C$15-$C$13))*($C$17/(SUM($C$13:$C$17)-$C$15-$C$13-$C$16))+($C$15/SUM($C$13:$C$17))*($C$14/(SUM($C$13:$C$17)-$C$15))*($C$13/(SUM($C$13:$C$17)-$C$15-$C$14))*($C$17/(SUM($C$13:$C$17)-$C$15-$C$14-$C$13))+($C$15/SUM($C$13:$C$17))*($C$14/(SUM($C$13:$C$17)-$C$15))*($C$16/(SUM($C$13:$C$17)-$C$15-$C$14))*($C$17/(SUM($C$13:$C$17)-$C$15-$C$14-$C$16))+($C$15/SUM($C$13:$C$17))*($C$16/(SUM($C$13:$C$17)-$C$15))*($C$13/(SUM($C$13:$C$17)-$C$15-$C$16))*($C$17/(SUM($C$13:$C$17)-$C$15-$C$16-$C$13))+($C$15/SUM($C$13:$C$17))*($C$16/(SUM($C$13:$C$17)-$C$15))*($C$14/(SUM($C$13:$C$17)-$C$15-$C$16))*($C$17/(SUM($C$13:$C$17)-$C$15-$C$16-$C$14))+($C$16/SUM($C$13:$C$17))*($C$13/(SUM($C$13:$C$17)-$C$16))*($C$14/(SUM($C$13:$C$17)-$C$16-$C$13))*($C$17/(SUM($C$13:$C$17)-$C$16-$C$13-$C$14))+($C$16/SUM($C$13:$C$17))*($C$13/(SUM($C$13:$C$17)-$C$16))*($C$15/(SUM($C$13:$C$17)-$C$16-$C$13))*($C$17/(SUM($C$13:$C$17)-$C$16-$C$13-$C$15))+($C$16/SUM($C$13:$C$17))*($C$14/(SUM($C$13:$C$17)-$C$16))*($C$13/(SUM($C$13:$C$17)-$C$16-$C$14))*($C$17/(SUM($C$13:$C$17)-$C$16-$C$14-$C$13))+($C$16/SUM($C$13:$C$17))*($C$14/(SUM($C$13:$C$17)-$C$16))*($C$15/(SUM($C$13:$C$17)-$C$16-$C$14))*($C$17/(SUM($C$13:$C$17)-$C$16-$C$14-$C$15))+($C$16/SUM($C$13:$C$17))*($C$15/(SUM($C$13:$C$17)-$C$16))*($C$13/(SUM($C$13:$C$17)-$C$16-$C$15))*($C$17/(SUM($C$13:$C$17)-$C$16-$C$15-$C$13))+($C$16/SUM($C$13:$C$17))*($C$15/(SUM($C$13:$C$17)-$C$16))*($C$14/(SUM($C$13:$C$17)-$C$16-$C$15))*($C$17/(SUM($C$13:$C$17)-$C$16-$C$15-$C$14)) -> 0.21802789 | H17: =MIN(1,(IF(AND(0>=$D$11,0<=$F$11),0,0)+IF(AND(1>=$D$11,1<=$F$11),D17,0)+IF(AND(2>=$D$11,2<=$F$11),D17+E17,0)+IF(AND(3>=$D$11,3<=$F$11),D17+E17+F17,0)+IF(AND(4>=$D$11,4<=$F$11),D17+E17+F17+G17,0)+IF(AND(5>=$D$11,5<=$F$11),D17+E17+F17+G17,0)+IF(AND(6>=$D$11,6<=$F$11),D17+E17+F17+G17,0)+IF(AND(7>=$D$11,7<=$F$11),D17+E17+F17+G17,0)+IF(AND(8>=$D$11,8<=$F$11),D17+E17+F17+G17,0))/($F$11-$D$11+1)) -> 0.52872475 | I17: start | J17: Carved bone 1-1, Iron nails 1-1 (50%) | K17: bones_spoils | L17: fight · strength 90 XP · 0.001s
B18: Check: picks per life | H18: =SUM(H13:H17) -> 3
A20: Logging camp | C20: Min | D20: 2 | E20: Max | F20: 3 | G20: structure: lumber · min ring 2 · uncommon
A21: ID | B21: Name | C21: Weight (Encounters sheet) | D21: P(1st pick) | E21: P(2nd pick) | F21: P(3rd pick) | G21: P(4th pick) | H21: P(shows up in a life) | I21: Unlock | J21: Fixed loot | K21: Bonus table | L21: Other
A22: lumber_logs | B22: Log pile | C22: =Encounters!F56 -> 10 | D22: =$C$22/SUM($C$22:$C$24) -> 0.41666667 | E22: =($C$23/SUM($C$22:$C$24))*($C$22/(SUM($C$22:$C$24)-$C$23))+($C$24/SUM($C$22:$C$24))*($C$22/(SUM($C$22:$C$24)-$C$24)) -> 0.34722222 | F22: =($C$23/SUM($C$22:$C$24))*($C$24/(SUM($C$22:$C$24)-$C$23))*($C$22/(SUM($C$22:$C$24)-$C$23-$C$24))+($C$24/SUM($C$22:$C$24))*($C$23/(SUM($C$22:$C$24)-$C$24))*($C$22/(SUM($C$22:$C$24)-$C$24-$C$23)) -> 0.23611111 | G22: =0 -> 0 | H22: =MIN(1,(IF(AND(0>=$D$20,0<=$F$20),0,0)+IF(AND(1>=$D$20,1<=$F$20),D22,0)+IF(AND(2>=$D$20,2<=$F$20),D22+E22,0)+IF(AND(3>=$D$20,3<=$F$20),D22+E22+F22,0)+IF(AND(4>=$D$20,4<=$F$20),D22+E22+F22+G22,0)+IF(AND(5>=$D$20,5<=$F$20),D22+E22+F22+G22,0)+IF(AND(6>=$D$20,6<=$F$20),D22+E22+F22+G22,0)+IF(AND(7>=$D$20,7<=$F$20),D22+E22+F22+G22,0)+IF(AND(8>=$D$20,8<=$F$20),D22+E22+F22+G22,0))/($F$20-$D$20+1)) -> 0.88194444 | I22: Scavenging (20 ash) | J22: Stick 2-3 | L22: gather · strength 40 XP · 3s
A23: lumber_shed | B23: Tool shed | C23: =Encounters!F57 -> 8 | D23: =$C$23/SUM($C$22:$C$24) -> 0.33333333 | E23: =($C$22/SUM($C$22:$C$24))*($C$23/(SUM($C$22:$C$24)-$C$22))+($C$24/SUM($C$22:$C$24))*($C$23/(SUM($C$22:$C$24)-$C$24)) -> 0.34920635 | F23: =($C$22/SUM($C$22:$C$24))*($C$24/(SUM($C$22:$C$24)-$C$22))*($C$23/(SUM($C$22:$C$24)-$C$22-$C$24))+($C$24/SUM($C$22:$C$24))*($C$22/(SUM($C$22:$C$24)-$C$24))*($C$23/(SUM($C$22:$C$24)-$C$24-$C$22)) -> 0.31746032 | G23: =0 -> 0 | H23: =MIN(1,(IF(AND(0>=$D$20,0<=$F$20),0,0)+IF(AND(1>=$D$20,1<=$F$20),D23,0)+IF(AND(2>=$D$20,2<=$F$20),D23+E23,0)+IF(AND(3>=$D$20,3<=$F$20),D23+E23+F23,0)+IF(AND(4>=$D$20,4<=$F$20),D23+E23+F23+G23,0)+IF(AND(5>=$D$20,5<=$F$20),D23+E23+F23+G23,0)+IF(AND(6>=$D$20,6<=$F$20),D23+E23+F23+G23,0)+IF(AND(7>=$D$20,7<=$F$20),D23+E23+F23+G23,0)+IF(AND(8>=$D$20,8<=$F$20),D23+E23+F23+G23,0))/($F$20-$D$20+1)) -> 0.84126984 | I23: Scavenging (20 ash) | J23: Coil of rope 1-1 (70%), Iron nails 1-2 (60%) | K23: traveller_cache | L23: teaches axe · scavenge · perception 45 XP · 3.2s
A24: lumber_oak | B24: Fallen tree | C24: =Encounters!F58 -> 6 | D24: =$C$24/SUM($C$22:$C$24) -> 0.25 | E24: =($C$22/SUM($C$22:$C$24))*($C$24/(SUM($C$22:$C$24)-$C$22))+($C$23/SUM($C$22:$C$24))*($C$24/(SUM($C$22:$C$24)-$C$23)) -> 0.30357143 | F24: =($C$22/SUM($C$22:$C$24))*($C$23/(SUM($C$22:$C$24)-$C$22))*($C$24/(SUM($C$22:$C$24)-$C$22-$C$23))+($C$23/SUM($C$22:$C$24))*($C$22/(SUM($C$22:$C$24)-$C$23))*($C$24/(SUM($C$22:$C$24)-$C$23-$C$22)) -> 0.44642857 | G24: =0 -> 0 | H24: =MIN(1,(IF(AND(0>=$D$20,0<=$F$20),0,0)+IF(AND(1>=$D$20,1<=$F$20),D24,0)+IF(AND(2>=$D$20,2<=$F$20),D24+E24,0)+IF(AND(3>=$D$20,3<=$F$20),D24+E24+F24,0)+IF(AND(4>=$D$20,4<=$F$20),D24+E24+F24+G24,0)+IF(AND(5>=$D$20,5<=$F$20),D24+E24+F24+G24,0)+IF(AND(6>=$D$20,6<=$F$20),D24+E24+F24+G24,0)+IF(AND(7>=$D$20,7<=$F$20),D24+E24+F24+G24,0)+IF(AND(8>=$D$20,8<=$F$20),D24+E24+F24+G24,0))/($F$20-$D$20+1)) -> 0.77678571 | I24: Scavenging (20 ash) | J24: Bird egg 1-2 (70%), Stick 1-2 | L24: climb · agility 50 XP · 3s
B25: Check: picks per life | H25: =SUM(H22:H24) -> 2.5
A27: Hunter's cabin | C27: Min | D27: 2 | E27: Max | F27: 3 | G27: structure: lodge · min ring 3 · uncommon
A28: ID | B28: Name | C28: Weight (Encounters sheet) | D28: P(1st pick) | E28: P(2nd pick) | F28: P(3rd pick) | G28: P(4th pick) | H28: P(shows up in a life) | I28: Unlock | J28: Fixed loot | K28: Bonus table | L28: Other
A29: lodge_racks | B29: Hide racks | C29: =Encounters!F59 -> 9 | D29: =$C$29/SUM($C$29:$C$31) -> 0.40909091 | E29: =($C$30/SUM($C$29:$C$31))*($C$29/(SUM($C$29:$C$31)-$C$30))+($C$31/SUM($C$29:$C$31))*($C$29/(SUM($C$29:$C$31)-$C$31)) -> 0.35408709 | F29: =($C$30/SUM($C$29:$C$31))*($C$31/(SUM($C$29:$C$31)-$C$30))*($C$29/(SUM($C$29:$C$31)-$C$30-$C$31))+($C$31/SUM($C$29:$C$31))*($C$30/(SUM($C$29:$C$31)-$C$31))*($C$29/(SUM($C$29:$C$31)-$C$31-$C$30)) -> 0.236822 | G29: =0 -> 0 | H29: =MIN(1,(IF(AND(0>=$D$27,0<=$F$27),0,0)+IF(AND(1>=$D$27,1<=$F$27),D29,0)+IF(AND(2>=$D$27,2<=$F$27),D29+E29,0)+IF(AND(3>=$D$27,3<=$F$27),D29+E29+F29,0)+IF(AND(4>=$D$27,4<=$F$27),D29+E29+F29+G29,0)+IF(AND(5>=$D$27,5<=$F$27),D29+E29+F29+G29,0)+IF(AND(6>=$D$27,6<=$F$27),D29+E29+F29+G29,0)+IF(AND(7>=$D$27,7<=$F$27),D29+E29+F29+G29,0)+IF(AND(8>=$D$27,8<=$F$27),D29+E29+F29+G29,0))/($F$27-$D$27+1)) -> 0.881589 | I29: Snares (25 ash) | J29: Boar hide 1-2, Coil of rope 1-1 (40%) | L29: scavenge · strength 45 XP · 3.4s
A30: lodge_snares | B30: Old traps | C30: =Encounters!F60 -> 8 | D30: =$C$30/SUM($C$29:$C$31) -> 0.36363636 | E30: =($C$29/SUM($C$29:$C$31))*($C$30/(SUM($C$29:$C$31)-$C$29))+($C$31/SUM($C$29:$C$31))*($C$30/(SUM($C$29:$C$31)-$C$31)) -> 0.35870012 | F30: =($C$29/SUM($C$29:$C$31))*($C$31/(SUM($C$29:$C$31)-$C$29))*($C$30/(SUM($C$29:$C$31)-$C$29-$C$31))+($C$31/SUM($C$29:$C$31))*($C$29/(SUM($C$29:$C$31)-$C$31))*($C$30/(SUM($C$29:$C$31)-$C$31-$C$29)) -> 0.27766351 | G30: =0 -> 0 | H30: =MIN(1,(IF(AND(0>=$D$27,0<=$F$27),0,0)+IF(AND(1>=$D$27,1<=$F$27),D30,0)+IF(AND(2>=$D$27,2<=$F$27),D30+E30,0)+IF(AND(3>=$D$27,3<=$F$27),D30+E30+F30,0)+IF(AND(4>=$D$27,4<=$F$27),D30+E30+F30+G30,0)+IF(AND(5>=$D$27,5<=$F$27),D30+E30+F30+G30,0)+IF(AND(6>=$D$27,6<=$F$27),D30+E30+F30+G30,0)+IF(AND(7>=$D$27,7<=$F$27),D30+E30+F30+G30,0)+IF(AND(8>=$D$27,8<=$F$27),D30+E30+F30+G30,0))/($F$27-$D$27+1)) -> 0.86116824 | I30: Snares (25 ash) | J30: Snared hare 1-1 (70%), Bramble thorn 1-2 | L30: hunt · perception 45 XP · 3s
A31: lodge_trophies | B31: Antler wall | C31: =Encounters!F61 -> 5 | D31: =$C$31/SUM($C$29:$C$31) -> 0.22727273 | E31: =($C$29/SUM($C$29:$C$31))*($C$31/(SUM($C$29:$C$31)-$C$29))+($C$30/SUM($C$29:$C$31))*($C$31/(SUM($C$29:$C$31)-$C$30)) -> 0.28721279 | F31: =($C$29/SUM($C$29:$C$31))*($C$30/(SUM($C$29:$C$31)-$C$29))*($C$31/(SUM($C$29:$C$31)-$C$29-$C$30))+($C$30/SUM($C$29:$C$31))*($C$29/(SUM($C$29:$C$31)-$C$30))*($C$31/(SUM($C$29:$C$31)-$C$30-$C$29)) -> 0.48551449 | G31: =0 -> 0 | H31: =MIN(1,(IF(AND(0>=$D$27,0<=$F$27),0,0)+IF(AND(1>=$D$27,1<=$F$27),D31,0)+IF(AND(2>=$D$27,2<=$F$27),D31+E31,0)+IF(AND(3>=$D$27,3<=$F$27),D31+E31+F31,0)+IF(AND(4>=$D$27,4<=$F$27),D31+E31+F31+G31,0)+IF(AND(5>=$D$27,5<=$F$27),D31+E31+F31+G31,0)+IF(AND(6>=$D$27,6<=$F$27),D31+E31+F31+G31,0)+IF(AND(7>=$D$27,7<=$F$27),D31+E31+F31+G31,0)+IF(AND(8>=$D$27,8<=$F$27),D31+E31+F31+G31,0))/($F$27-$D$27+1)) -> 0.75724276 | I31: Snares (25 ash) | K31: hunter_trophies | L31: teaches spear · scavenge · intelligence 55 XP · 3.6s
B32: Check: picks per life | H32: =SUM(H29:H31) -> 2.5
A34: Ruined shrine | C34: Min | D34: 2 | E34: Max | F34: 3 | G34: structure: shrine · min ring 4 · rare
A35: ID | B35: Name | C35: Weight (Encounters sheet) | D35: P(1st pick) | E35: P(2nd pick) | F35: P(3rd pick) | G35: P(4th pick) | H35: P(shows up in a life) | I35: Unlock | J35: Fixed loot | K35: Bonus table | L35: Other
A36: shrine_altar | B36: Broken altar | C36: =Encounters!F62 -> 8 | D36: =$C$36/SUM($C$36:$C$39) -> 0.2962963 | E36: =($C$37/SUM($C$36:$C$39))*($C$36/(SUM($C$36:$C$39)-$C$37))+($C$38/SUM($C$36:$C$39))*($C$36/(SUM($C$36:$C$39)-$C$38))+($C$39/SUM($C$36:$C$39))*($C$36/(SUM($C$36:$C$39)-$C$39)) -> 0.27301587 | F36: =($C$37/SUM($C$36:$C$39))*($C$38/(SUM($C$36:$C$39)-$C$37))*($C$36/(SUM($C$36:$C$39)-$C$37-$C$38))+($C$37/SUM($C$36:$C$39))*($C$39/(SUM($C$36:$C$39)-$C$37))*($C$36/(SUM($C$36:$C$39)-$C$37-$C$39))+($C$38/SUM($C$36:$C$39))*($C$37/(SUM($C$36:$C$39)-$C$38))*($C$36/(SUM($C$36:$C$39)-$C$38-$C$37))+($C$38/SUM($C$36:$C$39))*($C$39/(SUM($C$36:$C$39)-$C$38))*($C$36/(SUM($C$36:$C$39)-$C$38-$C$39))+($C$39/SUM($C$36:$C$39))*($C$37/(SUM($C$36:$C$39)-$C$39))*($C$36/(SUM($C$36:$C$39)-$C$39-$C$37))+($C$39/SUM($C$36:$C$39))*($C$38/(SUM($C$36:$C$39)-$C$39))*($C$36/(SUM($C$36:$C$39)-$C$39-$C$38)) -> 0.24126984 | G36: =($C$37/SUM($C$36:$C$39))*($C$38/(SUM($C$36:$C$39)-$C$37))*($C$39/(SUM($C$36:$C$39)-$C$37-$C$38))*($C$36/(SUM($C$36:$C$39)-$C$37-$C$38-$C$39))+($C$37/SUM($C$36:$C$39))*($C$39/(SUM($C$36:$C$39)-$C$37))*($C$38/(SUM($C$36:$C$39)-$C$37-$C$39))*($C$36/(SUM($C$36:$C$39)-$C$37-$C$39-$C$38))+($C$38/SUM($C$36:$C$39))*($C$37/(SUM($C$36:$C$39)-$C$38))*($C$39/(SUM($C$36:$C$39)-$C$38-$C$37))*($C$36/(SUM($C$36:$C$39)-$C$38-$C$37-$C$39))+($C$38/SUM($C$36:$C$39))*($C$39/(SUM($C$36:$C$39)-$C$38))*($C$37/(SUM($C$36:$C$39)-$C$38-$C$39))*($C$36/(SUM($C$36:$C$39)-$C$38-$C$39-$C$37))+($C$39/SUM($C$36:$C$39))*($C$37/(SUM($C$36:$C$39)-$C$39))*($C$38/(SUM($C$36:$C$39)-$C$39-$C$37))*($C$36/(SUM($C$36:$C$39)-$C$39-$C$37-$C$38))+($C$39/SUM($C$36:$C$39))*($C$38/(SUM($C$36:$C$39)-$C$39))*($C$37/(SUM($C$36:$C$39)-$C$39-$C$38))*($C$36/(SUM($C$36:$C$39)-$C$39-$C$38-$C$37)) -> 0.18941799 | H36: =MIN(1,(IF(AND(0>=$D$34,0<=$F$34),0,0)+IF(AND(1>=$D$34,1<=$F$34),D36,0)+IF(AND(2>=$D$34,2<=$F$34),D36+E36,0)+IF(AND(3>=$D$34,3<=$F$34),D36+E36+F36,0)+IF(AND(4>=$D$34,4<=$F$34),D36+E36+F36+G36,0)+IF(AND(5>=$D$34,5<=$F$34),D36+E36+F36+G36,0)+IF(AND(6>=$D$34,6<=$F$34),D36+E36+F36+G36,0)+IF(AND(7>=$D$34,7<=$F$34),D36+E36+F36+G36,0)+IF(AND(8>=$D$34,8<=$F$34),D36+E36+F36+G36,0))/($F$34-$D$34+1)) -> 0.68994709 | I36: Shrine path (3 blessing) | L36: +1 blessing · pray · willpower 60 XP · 4.2s
A37: shrine_offerings | B37: Coin bowls | C37: =Encounters!F63 -> 7 | D37: =$C$37/SUM($C$36:$C$39) -> 0.25925926 | E37: =($C$36/SUM($C$36:$C$39))*($C$37/(SUM($C$36:$C$39)-$C$36))+($C$38/SUM($C$36:$C$39))*($C$37/(SUM($C$36:$C$39)-$C$38))+($C$39/SUM($C$36:$C$39))*($C$37/(SUM($C$36:$C$39)-$C$39)) -> 0.25730994 | F37: =($C$36/SUM($C$36:$C$39))*($C$38/(SUM($C$36:$C$39)-$C$36))*($C$37/(SUM($C$36:$C$39)-$C$36-$C$38))+($C$36/SUM($C$36:$C$39))*($C$39/(SUM($C$36:$C$39)-$C$36))*($C$37/(SUM($C$36:$C$39)-$C$36-$C$39))+($C$38/SUM($C$36:$C$39))*($C$36/(SUM($C$36:$C$39)-$C$38))*($C$37/(SUM($C$36:$C$39)-$C$38-$C$36))+($C$38/SUM($C$36:$C$39))*($C$39/(SUM($C$36:$C$39)-$C$38))*($C$37/(SUM($C$36:$C$39)-$C$38-$C$39))+($C$39/SUM($C$36:$C$39))*($C$36/(SUM($C$36:$C$39)-$C$39))*($C$37/(SUM($C$36:$C$39)-$C$39-$C$36))+($C$39/SUM($C$36:$C$39))*($C$38/(SUM($C$36:$C$39)-$C$39))*($C$37/(SUM($C$36:$C$39)-$C$39-$C$38)) -> 0.25119208 | G37: =($C$36/SUM($C$36:$C$39))*($C$38/(SUM($C$36:$C$39)-$C$36))*($C$39/(SUM($C$36:$C$39)-$C$36-$C$38))*($C$37/(SUM($C$36:$C$39)-$C$36-$C$38-$C$39))+($C$36/SUM($C$36:$C$39))*($C$39/(SUM($C$36:$C$39)-$C$36))*($C$38/(SUM($C$36:$C$39)-$C$36-$C$39))*($C$37/(SUM($C$36:$C$39)-$C$36-$C$39-$C$38))+($C$38/SUM($C$36:$C$39))*($C$36/(SUM($C$36:$C$39)-$C$38))*($C$39/(SUM($C$36:$C$39)-$C$38-$C$36))*($C$37/(SUM($C$36:$C$39)-$C$38-$C$36-$C$39))+($C$38/SUM($C$36:$C$39))*($C$39/(SUM($C$36:$C$39)-$C$38))*($C$36/(SUM($C$36:$C$39)-$C$38-$C$39))*($C$37/(SUM($C$36:$C$39)-$C$38-$C$39-$C$36))+($C$39/SUM($C$36:$C$39))*($C$36/(SUM($C$36:$C$39)-$C$39))*($C$38/(SUM($C$36:$C$39)-$C$39-$C$36))*($C$37/(SUM($C$36:$C$39)-$C$39-$C$36-$C$38))+($C$39/SUM($C$36:$C$39))*($C$38/(SUM($C$36:$C$39)-$C$39))*($C$36/(SUM($C$36:$C$39)-$C$39-$C$38))*($C$37/(SUM($C$36:$C$39)-$C$39-$C$38-$C$36)) -> 0.23223872 | H37: =MIN(1,(IF(AND(0>=$D$34,0<=$F$34),0,0)+IF(AND(1>=$D$34,1<=$F$34),D37,0)+IF(AND(2>=$D$34,2<=$F$34),D37+E37,0)+IF(AND(3>=$D$34,3<=$F$34),D37+E37+F37,0)+IF(AND(4>=$D$34,4<=$F$34),D37+E37+F37+G37,0)+IF(AND(5>=$D$34,5<=$F$34),D37+E37+F37+G37,0)+IF(AND(6>=$D$34,6<=$F$34),D37+E37+F37+G37,0)+IF(AND(7>=$D$34,7<=$F$34),D37+E37+F37+G37,0)+IF(AND(8>=$D$34,8<=$F$34),D37+E37+F37+G37,0))/($F$34-$D$34+1)) -> 0.64216524 | I37: Meditation (30 ash) | K37: shrine_offerings | L37: scavenge · perception 50 XP · 3.2s
A38: shrine_pillars | B38: Carved pillars | C38: =Encounters!F64 -> 6 | D38: =$C$38/SUM($C$36:$C$39) -> 0.22222222 | E38: =($C$36/SUM($C$36:$C$39))*($C$38/(SUM($C$36:$C$39)-$C$36))+($C$37/SUM($C$36:$C$39))*($C$38/(SUM($C$36:$C$39)-$C$37))+($C$39/SUM($C$36:$C$39))*($C$38/(SUM($C$36:$C$39)-$C$39)) -> 0.23483709 | F38: =($C$36/SUM($C$36:$C$39))*($C$37/(SUM($C$36:$C$39)-$C$36))*($C$38/(SUM($C$36:$C$39)-$C$36-$C$37))+($C$36/SUM($C$36:$C$39))*($C$39/(SUM($C$36:$C$39)-$C$36))*($C$38/(SUM($C$36:$C$39)-$C$36-$C$39))+($C$37/SUM($C$36:$C$39))*($C$36/(SUM($C$36:$C$39)-$C$37))*($C$38/(SUM($C$36:$C$39)-$C$37-$C$36))+($C$37/SUM($C$36:$C$39))*($C$39/(SUM($C$36:$C$39)-$C$37))*($C$38/(SUM($C$36:$C$39)-$C$37-$C$39))+($C$39/SUM($C$36:$C$39))*($C$36/(SUM($C$36:$C$39)-$C$39))*($C$38/(SUM($C$36:$C$39)-$C$39-$C$36))+($C$39/SUM($C$36:$C$39))*($C$37/(SUM($C$36:$C$39)-$C$39))*($C$38/(SUM($C$36:$C$39)-$C$39-$C$37)) -> 0.25376904 | G38: =($C$36/SUM($C$36:$C$39))*($C$37/(SUM($C$36:$C$39)-$C$36))*($C$39/(SUM($C$36:$C$39)-$C$36-$C$37))*($C$38/(SUM($C$36:$C$39)-$C$36-$C$37-$C$39))+($C$36/SUM($C$36:$C$39))*($C$39/(SUM($C$36:$C$39)-$C$36))*($C$37/(SUM($C$36:$C$39)-$C$36-$C$39))*($C$38/(SUM($C$36:$C$39)-$C$36-$C$39-$C$37))+($C$37/SUM($C$36:$C$39))*($C$36/(SUM($C$36:$C$39)-$C$37))*($C$39/(SUM($C$36:$C$39)-$C$37-$C$36))*($C$38/(SUM($C$36:$C$39)-$C$37-$C$36-$C$39))+($C$37/SUM($C$36:$C$39))*($C$39/(SUM($C$36:$C$39)-$C$37))*($C$36/(SUM($C$36:$C$39)-$C$37-$C$39))*($C$38/(SUM($C$36:$C$39)-$C$37-$C$39-$C$36))+($C$39/SUM($C$36:$C$39))*($C$36/(SUM($C$36:$C$39)-$C$39))*($C$37/(SUM($C$36:$C$39)-$C$39-$C$36))*($C$38/(SUM($C$36:$C$39)-$C$39-$C$36-$C$37))+($C$39/SUM($C$36:$C$39))*($C$37/(SUM($C$36:$C$39)-$C$39))*($C$36/(SUM($C$36:$C$39)-$C$39-$C$37))*($C$38/(SUM($C$36:$C$39)-$C$39-$C$37-$C$36)) -> 0.28917165 | H38: =MIN(1,(IF(AND(0>=$D$34,0<=$F$34),0,0)+IF(AND(1>=$D$34,1<=$F$34),D38,0)+IF(AND(2>=$D$34,2<=$F$34),D38+E38,0)+IF(AND(3>=$D$34,3<=$F$34),D38+E38+F38,0)+IF(AND(4>=$D$34,4<=$F$34),D38+E38+F38+G38,0)+IF(AND(5>=$D$34,5<=$F$34),D38+E38+F38+G38,0)+IF(AND(6>=$D$34,6<=$F$34),D38+E38+F38+G38,0)+IF(AND(7>=$D$34,7<=$F$34),D38+E38+F38+G38,0)+IF(AND(8>=$D$34,8<=$F$34),D38+E38+F38+G38,0))/($F$34-$D$34+1)) -> 0.58394383 | I38: Meditation (30 ash) | L38: study · intelligence 85 XP · 4.4s
A39: shrine_wisp | B39: Pale wisp | C39: =Encounters!F70 -> 6 | D39: =$C$39/SUM($C$36:$C$39) -> 0.22222222 | E39: =($C$36/SUM($C$36:$C$39))*($C$39/(SUM($C$36:$C$39)-$C$36))+($C$37/SUM($C$36:$C$39))*($C$39/(SUM($C$36:$C$39)-$C$37))+($C$38/SUM($C$36:$C$39))*($C$39/(SUM($C$36:$C$39)-$C$38)) -> 0.23483709 | F39: =($C$36/SUM($C$36:$C$39))*($C$37/(SUM($C$36:$C$39)-$C$36))*($C$39/(SUM($C$36:$C$39)-$C$36-$C$37))+($C$36/SUM($C$36:$C$39))*($C$38/(SUM($C$36:$C$39)-$C$36))*($C$39/(SUM($C$36:$C$39)-$C$36-$C$38))+($C$37/SUM($C$36:$C$39))*($C$36/(SUM($C$36:$C$39)-$C$37))*($C$39/(SUM($C$36:$C$39)-$C$37-$C$36))+($C$37/SUM($C$36:$C$39))*($C$38/(SUM($C$36:$C$39)-$C$37))*($C$39/(SUM($C$36:$C$39)-$C$37-$C$38))+($C$38/SUM($C$36:$C$39))*($C$36/(SUM($C$36:$C$39)-$C$38))*($C$39/(SUM($C$36:$C$39)-$C$38-$C$36))+($C$38/SUM($C$36:$C$39))*($C$37/(SUM($C$36:$C$39)-$C$38))*($C$39/(SUM($C$36:$C$39)-$C$38-$C$37)) -> 0.25376904 | G39: =($C$36/SUM($C$36:$C$39))*($C$37/(SUM($C$36:$C$39)-$C$36))*($C$38/(SUM($C$36:$C$39)-$C$36-$C$37))*($C$39/(SUM($C$36:$C$39)-$C$36-$C$37-$C$38))+($C$36/SUM($C$36:$C$39))*($C$38/(SUM($C$36:$C$39)-$C$36))*($C$37/(SUM($C$36:$C$39)-$C$36-$C$38))*($C$39/(SUM($C$36:$C$39)-$C$36-$C$38-$C$37))+($C$37/SUM($C$36:$C$39))*($C$36/(SUM($C$36:$C$39)-$C$37))*($C$38/(SUM($C$36:$C$39)-$C$37-$C$36))*($C$39/(SUM($C$36:$C$39)-$C$37-$C$36-$C$38))+($C$37/SUM($C$36:$C$39))*($C$38/(SUM($C$36:$C$39)-$C$37))*($C$36/(SUM($C$36:$C$39)-$C$37-$C$38))*($C$39/(SUM($C$36:$C$39)-$C$37-$C$38-$C$36))+($C$38/SUM($C$36:$C$39))*($C$36/(SUM($C$36:$C$39)-$C$38))*($C$37/(SUM($C$36:$C$39)-$C$38-$C$36))*($C$39/(SUM($C$36:$C$39)-$C$38-$C$36-$C$37))+($C$38/SUM($C$36:$C$39))*($C$37/(SUM($C$36:$C$39)-$C$38))*($C$36/(SUM($C$36:$C$39)-$C$38-$C$37))*($C$39/(SUM($C$36:$C$39)-$C$38-$C$37-$C$36)) -> 0.28917165 | H39: =MIN(1,(IF(AND(0>=$D$34,0<=$F$34),0,0)+IF(AND(1>=$D$34,1<=$F$34),D39,0)+IF(AND(2>=$D$34,2<=$F$34),D39+E39,0)+IF(AND(3>=$D$34,3<=$F$34),D39+E39+F39,0)+IF(AND(4>=$D$34,4<=$F$34),D39+E39+F39+G39,0)+IF(AND(5>=$D$34,5<=$F$34),D39+E39+F39+G39,0)+IF(AND(6>=$D$34,6<=$F$34),D39+E39+F39+G39,0)+IF(AND(7>=$D$34,7<=$F$34),D39+E39+F39+G39,0)+IF(AND(8>=$D$34,8<=$F$34),D39+E39+F39+G39,0))/($F$34-$D$34+1)) -> 0.58394383 | I39: start | J39: Tarnished coin 1-1 (50%) | L39: fight · willpower 90 XP · 0.001s
B40: Check: picks per life | H40: =SUM(H36:H39) -> 2.5
A42: Burial mound | C42: Min | D42: 2 | E42: Max | F42: 3 | G42: structure: barrow · min ring 5 · rare
A43: ID | B43: Name | C43: Weight (Encounters sheet) | D43: P(1st pick) | E43: P(2nd pick) | F43: P(3rd pick) | G43: P(4th pick) | H43: P(shows up in a life) | I43: Unlock | J43: Fixed loot | K43: Bonus table | L43: Other
A44: barrow_goods | B44: Old grave | C44: =Encounters!F65 -> 8 | D44: =$C$44/SUM($C$44:$C$47) -> 0.26666667 | E44: =($C$45/SUM($C$44:$C$47))*($C$44/(SUM($C$44:$C$47)-$C$45))+($C$46/SUM($C$44:$C$47))*($C$44/(SUM($C$44:$C$47)-$C$46))+($C$47/SUM($C$44:$C$47))*($C$44/(SUM($C$44:$C$47)-$C$47)) -> 0.2621118 | F44: =($C$45/SUM($C$44:$C$47))*($C$46/(SUM($C$44:$C$47)-$C$45))*($C$44/(SUM($C$44:$C$47)-$C$45-$C$46))+($C$45/SUM($C$44:$C$47))*($C$47/(SUM($C$44:$C$47)-$C$45))*($C$44/(SUM($C$44:$C$47)-$C$45-$C$47))+($C$46/SUM($C$44:$C$47))*($C$45/(SUM($C$44:$C$47)-$C$46))*($C$44/(SUM($C$44:$C$47)-$C$46-$C$45))+($C$46/SUM($C$44:$C$47))*($C$47/(SUM($C$44:$C$47)-$C$46))*($C$44/(SUM($C$44:$C$47)-$C$46-$C$47))+($C$47/SUM($C$44:$C$47))*($C$45/(SUM($C$44:$C$47)-$C$47))*($C$44/(SUM($C$44:$C$47)-$C$47-$C$45))+($C$47/SUM($C$44:$C$47))*($C$46/(SUM($C$44:$C$47)-$C$47))*($C$44/(SUM($C$44:$C$47)-$C$47-$C$46)) -> 0.25112654 | G44: =($C$45/SUM($C$44:$C$47))*($C$46/(SUM($C$44:$C$47)-$C$45))*($C$47/(SUM($C$44:$C$47)-$C$45-$C$46))*($C$44/(SUM($C$44:$C$47)-$C$45-$C$46-$C$47))+($C$45/SUM($C$44:$C$47))*($C$47/(SUM($C$44:$C$47)-$C$45))*($C$46/(SUM($C$44:$C$47)-$C$45-$C$47))*($C$44/(SUM($C$44:$C$47)-$C$45-$C$47-$C$46))+($C$46/SUM($C$44:$C$47))*($C$45/(SUM($C$44:$C$47)-$C$46))*($C$47/(SUM($C$44:$C$47)-$C$46-$C$45))*($C$44/(SUM($C$44:$C$47)-$C$46-$C$45-$C$47))+($C$46/SUM($C$44:$C$47))*($C$47/(SUM($C$44:$C$47)-$C$46))*($C$45/(SUM($C$44:$C$47)-$C$46-$C$47))*($C$44/(SUM($C$44:$C$47)-$C$46-$C$47-$C$45))+($C$47/SUM($C$44:$C$47))*($C$45/(SUM($C$44:$C$47)-$C$47))*($C$46/(SUM($C$44:$C$47)-$C$47-$C$45))*($C$44/(SUM($C$44:$C$47)-$C$47-$C$45-$C$46))+($C$47/SUM($C$44:$C$47))*($C$46/(SUM($C$44:$C$47)-$C$47))*($C$45/(SUM($C$44:$C$47)-$C$47-$C$46))*($C$44/(SUM($C$44:$C$47)-$C$47-$C$46-$C$45)) -> 0.22009499 | H44: =MIN(1,(IF(AND(0>=$D$42,0<=$F$42),0,0)+IF(AND(1>=$D$42,1<=$F$42),D44,0)+IF(AND(2>=$D$42,2<=$F$42),D44+E44,0)+IF(AND(3>=$D$42,3<=$F$42),D44+E44+F44,0)+IF(AND(4>=$D$42,4<=$F$42),D44+E44+F44+G44,0)+IF(AND(5>=$D$42,5<=$F$42),D44+E44+F44+G44,0)+IF(AND(6>=$D$42,6<=$F$42),D44+E44+F44+G44,0)+IF(AND(7>=$D$42,7<=$F$42),D44+E44+F44+G44,0)+IF(AND(8>=$D$42,8<=$F$42),D44+E44+F44+G44,0))/($F$42-$D$42+1)) -> 0.65434174 | I44: Road lore (70 ash) | J44: Cloth scrap 1-2 (60%) | K44: barrow_hoard | L44: scavenge · strength 60 XP · 4.2s
A45: barrow_stones | B45: Stone circle | C45: =Encounters!F66 -> 7 | D45: =$C$45/SUM($C$44:$C$47) -> 0.23333333 | E45: =($C$44/SUM($C$44:$C$47))*($C$45/(SUM($C$44:$C$47)-$C$44))+($C$46/SUM($C$44:$C$47))*($C$45/(SUM($C$44:$C$47)-$C$46))+($C$47/SUM($C$44:$C$47))*($C$45/(SUM($C$44:$C$47)-$C$47)) -> 0.24318182 | F45: =($C$44/SUM($C$44:$C$47))*($C$46/(SUM($C$44:$C$47)-$C$44))*($C$45/(SUM($C$44:$C$47)-$C$44-$C$46))+($C$44/SUM($C$44:$C$47))*($C$47/(SUM($C$44:$C$47)-$C$44))*($C$45/(SUM($C$44:$C$47)-$C$44-$C$47))+($C$46/SUM($C$44:$C$47))*($C$44/(SUM($C$44:$C$47)-$C$46))*($C$45/(SUM($C$44:$C$47)-$C$46-$C$44))+($C$46/SUM($C$44:$C$47))*($C$47/(SUM($C$44:$C$47)-$C$46))*($C$45/(SUM($C$44:$C$47)-$C$46-$C$47))+($C$47/SUM($C$44:$C$47))*($C$44/(SUM($C$44:$C$47)-$C$47))*($C$45/(SUM($C$44:$C$47)-$C$47-$C$44))+($C$47/SUM($C$44:$C$47))*($C$46/(SUM($C$44:$C$47)-$C$47))*($C$45/(SUM($C$44:$C$47)-$C$47-$C$46)) -> 0.25626457 | G45: =($C$44/SUM($C$44:$C$47))*($C$46/(SUM($C$44:$C$47)-$C$44))*($C$47/(SUM($C$44:$C$47)-$C$44-$C$46))*($C$45/(SUM($C$44:$C$47)-$C$44-$C$46-$C$47))+($C$44/SUM($C$44:$C$47))*($C$47/(SUM($C$44:$C$47)-$C$44))*($C$46/(SUM($C$44:$C$47)-$C$44-$C$47))*($C$45/(SUM($C$44:$C$47)-$C$44-$C$47-$C$46))+($C$46/SUM($C$44:$C$47))*($C$44/(SUM($C$44:$C$47)-$C$46))*($C$47/(SUM($C$44:$C$47)-$C$46-$C$44))*($C$45/(SUM($C$44:$C$47)-$C$46-$C$44-$C$47))+($C$46/SUM($C$44:$C$47))*($C$47/(SUM($C$44:$C$47)-$C$46))*($C$44/(SUM($C$44:$C$47)-$C$46-$C$47))*($C$45/(SUM($C$44:$C$47)-$C$46-$C$47-$C$44))+($C$47/SUM($C$44:$C$47))*($C$44/(SUM($C$44:$C$47)-$C$47))*($C$46/(SUM($C$44:$C$47)-$C$47-$C$44))*($C$45/(SUM($C$44:$C$47)-$C$47-$C$44-$C$46))+($C$47/SUM($C$44:$C$47))*($C$46/(SUM($C$44:$C$47)-$C$47))*($C$44/(SUM($C$44:$C$47)-$C$47-$C$46))*($C$45/(SUM($C$44:$C$47)-$C$47-$C$46-$C$44)) -> 0.26722028 | H45: =MIN(1,(IF(AND(0>=$D$42,0<=$F$42),0,0)+IF(AND(1>=$D$42,1<=$F$42),D45,0)+IF(AND(2>=$D$42,2<=$F$42),D45+E45,0)+IF(AND(3>=$D$42,3<=$F$42),D45+E45+F45,0)+IF(AND(4>=$D$42,4<=$F$42),D45+E45+F45+G45,0)+IF(AND(5>=$D$42,5<=$F$42),D45+E45+F45+G45,0)+IF(AND(6>=$D$42,6<=$F$42),D45+E45+F45+G45,0)+IF(AND(7>=$D$42,7<=$F$42),D45+E45+F45+G45,0)+IF(AND(8>=$D$42,8<=$F$42),D45+E45+F45+G45,0))/($F$42-$D$42+1)) -> 0.60464744 | I45: Road lore (70 ash) | L45: heal 10 · meditate · willpower 70 XP · 4.6s
A46: barrow_bones | B46: Bone pile | C46: =Encounters!F67 -> 6 | D46: =$C$46/SUM($C$44:$C$47) -> 0.2 | E46: =($C$44/SUM($C$44:$C$47))*($C$46/(SUM($C$44:$C$47)-$C$44))+($C$45/SUM($C$44:$C$47))*($C$46/(SUM($C$44:$C$47)-$C$45))+($C$47/SUM($C$44:$C$47))*($C$46/(SUM($C$44:$C$47)-$C$47)) -> 0.21931112 | F46: =($C$44/SUM($C$44:$C$47))*($C$45/(SUM($C$44:$C$47)-$C$44))*($C$46/(SUM($C$44:$C$47)-$C$44-$C$45))+($C$44/SUM($C$44:$C$47))*($C$47/(SUM($C$44:$C$47)-$C$44))*($C$46/(SUM($C$44:$C$47)-$C$44-$C$47))+($C$45/SUM($C$44:$C$47))*($C$44/(SUM($C$44:$C$47)-$C$45))*($C$46/(SUM($C$44:$C$47)-$C$45-$C$44))+($C$45/SUM($C$44:$C$47))*($C$47/(SUM($C$44:$C$47)-$C$45))*($C$46/(SUM($C$44:$C$47)-$C$45-$C$47))+($C$47/SUM($C$44:$C$47))*($C$44/(SUM($C$44:$C$47)-$C$47))*($C$46/(SUM($C$44:$C$47)-$C$47-$C$44))+($C$47/SUM($C$44:$C$47))*($C$45/(SUM($C$44:$C$47)-$C$47))*($C$46/(SUM($C$44:$C$47)-$C$47-$C$45)) -> 0.25148764 | G46: =($C$44/SUM($C$44:$C$47))*($C$45/(SUM($C$44:$C$47)-$C$44))*($C$47/(SUM($C$44:$C$47)-$C$44-$C$45))*($C$46/(SUM($C$44:$C$47)-$C$44-$C$45-$C$47))+($C$44/SUM($C$44:$C$47))*($C$47/(SUM($C$44:$C$47)-$C$44))*($C$45/(SUM($C$44:$C$47)-$C$44-$C$47))*($C$46/(SUM($C$44:$C$47)-$C$44-$C$47-$C$45))+($C$45/SUM($C$44:$C$47))*($C$44/(SUM($C$44:$C$47)-$C$45))*($C$47/(SUM($C$44:$C$47)-$C$45-$C$44))*($C$46/(SUM($C$44:$C$47)-$C$45-$C$44-$C$47))+($C$45/SUM($C$44:$C$47))*($C$47/(SUM($C$44:$C$47)-$C$45))*($C$44/(SUM($C$44:$C$47)-$C$45-$C$47))*($C$46/(SUM($C$44:$C$47)-$C$45-$C$47-$C$44))+($C$47/SUM($C$44:$C$47))*($C$44/(SUM($C$44:$C$47)-$C$47))*($C$45/(SUM($C$44:$C$47)-$C$47-$C$44))*($C$46/(SUM($C$44:$C$47)-$C$47-$C$44-$C$45))+($C$47/SUM($C$44:$C$47))*($C$45/(SUM($C$44:$C$47)-$C$47))*($C$44/(SUM($C$44:$C$47)-$C$47-$C$45))*($C$46/(SUM($C$44:$C$47)-$C$47-$C$45-$C$44)) -> 0.32920123 | H46: =MIN(1,(IF(AND(0>=$D$42,0<=$F$42),0,0)+IF(AND(1>=$D$42,1<=$F$42),D46,0)+IF(AND(2>=$D$42,2<=$F$42),D46+E46,0)+IF(AND(3>=$D$42,3<=$F$42),D46+E46+F46,0)+IF(AND(4>=$D$42,4<=$F$42),D46+E46+F46+G46,0)+IF(AND(5>=$D$42,5<=$F$42),D46+E46+F46+G46,0)+IF(AND(6>=$D$42,6<=$F$42),D46+E46+F46+G46,0)+IF(AND(7>=$D$42,7<=$F$42),D46+E46+F46+G46,0)+IF(AND(8>=$D$42,8<=$F$42),D46+E46+F46+G46,0))/($F$42-$D$42+1)) -> 0.54505495 | I46: Road lore (70 ash) | J46: Boar tusk 1-1 (30%), Stick 1-1 | L46: observe · perception 50 XP · 3s
A47: barrow_dead | B47: Restless bones | C47: =Encounters!F68 -> 9 | D47: =$C$47/SUM($C$44:$C$47) -> 0.3 | E47: =($C$44/SUM($C$44:$C$47))*($C$47/(SUM($C$44:$C$47)-$C$44))+($C$45/SUM($C$44:$C$47))*($C$47/(SUM($C$44:$C$47)-$C$45))+($C$46/SUM($C$44:$C$47))*($C$47/(SUM($C$44:$C$47)-$C$46)) -> 0.27539526 | F47: =($C$44/SUM($C$44:$C$47))*($C$45/(SUM($C$44:$C$47)-$C$44))*($C$47/(SUM($C$44:$C$47)-$C$44-$C$45))+($C$44/SUM($C$44:$C$47))*($C$46/(SUM($C$44:$C$47)-$C$44))*($C$47/(SUM($C$44:$C$47)-$C$44-$C$46))+($C$45/SUM($C$44:$C$47))*($C$44/(SUM($C$44:$C$47)-$C$45))*($C$47/(SUM($C$44:$C$47)-$C$45-$C$44))+($C$45/SUM($C$44:$C$47))*($C$46/(SUM($C$44:$C$47)-$C$45))*($C$47/(SUM($C$44:$C$47)-$C$45-$C$46))+($C$46/SUM($C$44:$C$47))*($C$44/(SUM($C$44:$C$47)-$C$46))*($C$47/(SUM($C$44:$C$47)-$C$46-$C$44))+($C$46/SUM($C$44:$C$47))*($C$45/(SUM($C$44:$C$47)-$C$46))*($C$47/(SUM($C$44:$C$47)-$C$46-$C$45)) -> 0.24112125 | G47: =($C$44/SUM($C$44:$C$47))*($C$45/(SUM($C$44:$C$47)-$C$44))*($C$46/(SUM($C$44:$C$47)-$C$44-$C$45))*($C$47/(SUM($C$44:$C$47)-$C$44-$C$45-$C$46))+($C$44/SUM($C$44:$C$47))*($C$46/(SUM($C$44:$C$47)-$C$44))*($C$45/(SUM($C$44:$C$47)-$C$44-$C$46))*($C$47/(SUM($C$44:$C$47)-$C$44-$C$46-$C$45))+($C$45/SUM($C$44:$C$47))*($C$44/(SUM($C$44:$C$47)-$C$45))*($C$46/(SUM($C$44:$C$47)-$C$45-$C$44))*($C$47/(SUM($C$44:$C$47)-$C$45-$C$44-$C$46))+($C$45/SUM($C$44:$C$47))*($C$46/(SUM($C$44:$C$47)-$C$45))*($C$44/(SUM($C$44:$C$47)-$C$45-$C$46))*($C$47/(SUM($C$44:$C$47)-$C$45-$C$46-$C$44))+($C$46/SUM($C$44:$C$47))*($C$44/(SUM($C$44:$C$47)-$C$46))*($C$45/(SUM($C$44:$C$47)-$C$46-$C$44))*($C$47/(SUM($C$44:$C$47)-$C$46-$C$44-$C$45))+($C$46/SUM($C$44:$C$47))*($C$45/(SUM($C$44:$C$47)-$C$46))*($C$44/(SUM($C$44:$C$47)-$C$46-$C$45))*($C$47/(SUM($C$44:$C$47)-$C$46-$C$45-$C$44)) -> 0.18348349 | H47: =MIN(1,(IF(AND(0>=$D$42,0<=$F$42),0,0)+IF(AND(1>=$D$42,1<=$F$42),D47,0)+IF(AND(2>=$D$42,2<=$F$42),D47+E47,0)+IF(AND(3>=$D$42,3<=$F$42),D47+E47+F47,0)+IF(AND(4>=$D$42,4<=$F$42),D47+E47+F47+G47,0)+IF(AND(5>=$D$42,5<=$F$42),D47+E47+F47+G47,0)+IF(AND(6>=$D$42,6<=$F$42),D47+E47+F47+G47,0)+IF(AND(7>=$D$42,7<=$F$42),D47+E47+F47+G47,0)+IF(AND(8>=$D$42,8<=$F$42),D47+E47+F47+G47,0))/($F$42-$D$42+1)) -> 0.69595588 | I47: start | J47: Carved bone 1-2 | K47: bones_spoils | L47: fight · strength 110 XP · 0.001s
B48: Check: picks per life | H48: =SUM(H44:H47) -> 2.5
A50: 'Check' should equal the average of Min..Max (fewer if a site has fewer encounters than Max).

Sheet Regions
A1: Region weight %
A2: 100 = unchanged, 0 = never here (includes 'Allowed regions'). Leads use this % on their lead chance.
A4: ID | B4: Name | C4: The Old Road | D4: Deep Woods | E4: Bramble Thicket | F4: Still Glade
A5: bramble_berries | B5: Berry bush | C5: 1.2 | D5: 0.6 | E5: 3 | F5: 1
A6: fallen_branches | B6: Fallen branches | C6: 0.75 | D6: 1.6 | E6: 1.3 | F6: 0
A7: animal_tracks | B7: Animal tracks | C7: 0 | D7: 1.5 | E7: 0 | F7: 1.4
A8: forest_spring | B8: Forest spring | C8: 1 | D8: 0.7 | E8: 0.6 | F8: 2.2
A9: reed_bed | B9: Reeds | C9: 1 | D9: 1 | E9: 1 | F9: 1
A10: fishing_pool | B10: Fishing pool | C10: 1 | D10: 1 | E10: 1 | F10: 1
A11: river_shallows | B11: Shallows | C11: 1 | D11: 1 | E11: 1 | F11: 1
A12: fishing_net | B12: Old fishing net | C12: 1 | D12: 1 | E12: 1 | F12: 1
A13: river_lurker | B13: River lurker | C13: 1 | D13: 1 | E13: 1 | F13: 1
A14: bramble_boar | B14: Wild boar | C14: 0.7 | D14: 2.5 | E14: 1.3 | F14: 0.4
A15: gnarled_tree | B15: Old tree | C15: 1 | D15: 2 | E15: 1 | F15: 1
A16: dead_tree | B16: Dead tree | C16: 1 | D16: 1 | E16: 1 | F16: 1
... A48: hidden_ford | B48: Hidden ford | C48: 1 | D48: 1 | E48: 1 | F48: 1

Sheet Biomes & enemies
A1: Biomes, regions and enemies
A2: Regions are 3x3-chunk cells picked by weight (the anchor cell is always The Old Road). Danger grows with the ring (distance from the anchor, in chunks).
A4: Biome | B4: Name | C4: Enemy hit growth / ring | D4: Enemy HP / ring | E4: Danger stops at ring | F4: Spot rarity / ring | G4: Status
A5: dark_forest | B5: Dark forest | C5: 1.5 | D5: 1 | E5: 40 | F5: 0 | G5: in play
A6: ash_plain | B6: Ash plain | C6: 1.5 | D6: 1 | E6: 40 | F6: 0 | G6: terrain only, no regions or encounters yet
A8: Regions
A9: Region | B9: Name | C9: Biome | D9: Pick weight | E9: Share of cells | F9: Tree canopy % | G9: Brush % | H9: Look | I9: Sites that can appear (per-mille)
A10: old_road | B10: The Old Road | C10: dark_forest | D10: 3 | E10: =D10/SUM($D$10:$D$13) -> 0.3 | F10: 34 | G10: 12 | H10: road | I10: Abandoned camp 350, Fallen watchtower 300, Logging camp 100, Burial mound 50
A11: deep_woods | B11: Deep Woods | C11: dark_forest | D11: 3 | E11: =D11/SUM($D$10:$D$13) -> 0.3 | F11: 78 | G11: 22 | H11: grove | I11: Abandoned camp 150, Fallen watchtower 150, Logging camp 200, Hunter's cabin 150, Ruined shrine 100, Burial mound 100
A12: bramble_thicket | B12: Bramble Thicket | C12: dark_forest | D12: 2 | E12: =D12/SUM($D$10:$D$13) -> 0.2 | F12: 68 | G12: 58 | H12: thicket | I12: Abandoned camp 150, Hunter's cabin 250, Burial mound 150
A13: still_glade | B13: Still Glade | C13: dark_forest | D13: 2 | E13: =D13/SUM($D$10:$D$13) -> 0.2 | F13: 18 | G13: 8 | H13: glade | I13: Abandoned camp 100, Ruined shrine 250
A15: Enemies
A16: Enemy | B16: Name | C16: Fight spot | D16: Hit at ring 0 | E16: HP at ring 0 | F16: Biome | G16: Charges within (steps) | H16: One step every (ms) | I16: Leash (tiles from home)
A17: bramble_boar | B17: Wild boar | C17: angry_boar, bramble_boar | D17: 8 | E17: 3 | F17: dark_forest | G17: 11 | H17: 300 | I17: none
A18: river_lurker | B18: River lurker | C18: river_lurker, lurker_burrow | D18: 4 | E18: 2 | F18: dark_forest | G18: 4 | H18: 200 | I18: 3
A19: restless_bones | B19: Restless bones | C19: barrow_dead (Burial mound), tower_guard (Fallen watchtower) | D19: 6 | E19: 5 | F19: dark_forest | G19: 5 | H19: 450 | I19: 5
A20: pale_wisp | B20: Pale wisp | C20: shrine_wisp (Ruined shrine) | D20: 6 | E20: 3 | F20: dark_forest | G20: 6 | H20: 350 | I20: 6
A22: Danger by ring | C22: Health is 100. Hits shown at base Endurance (its speed divides them); the game rounds down.
A23: Ring | B23: Wild boar hit | C23: Wild boar HP | D23: River lurker hit | E23: River lurker HP | F23: Restless bones hit | G23: Restless bones HP | H23: Pale wisp hit | I23: Pale wisp HP
A24: 0 | B24: =INT($D$17*$C$5^MIN($A24,$E$5)) -> 8 | C24: =$E$17+$D$5*MIN($A24,$E$5) -> 3 | D24: =INT($D$18*$C$5^MIN($A24,$E$5)) -> 4 | E24: =$E$18+$D$5*MIN($A24,$E$5) -> 2 | F24: =INT($D$19*$C$5^MIN($A24,$E$5)) -> 6 | G24: =$E$19+$D$5*MIN($A24,$E$5) -> 5 | H24: =INT($D$20*$C$5^MIN($A24,$E$5)) -> 6 | I24: =$E$20+$D$5*MIN($A24,$E$5) -> 3
A25: 1 | B25: =INT($D$17*$C$5^MIN($A25,$E$5)) -> 12 | C25: =$E$17+$D$5*MIN($A25,$E$5) -> 4 | D25: =INT($D$18*$C$5^MIN($A25,$E$5)) -> 6 | E25: =$E$18+$D$5*MIN($A25,$E$5) -> 3 | F25: =INT($D$19*$C$5^MIN($A25,$E$5)) -> 9 | G25: =$E$19+$D$5*MIN($A25,$E$5) -> 6 | H25: =INT($D$20*$C$5^MIN($A25,$E$5)) -> 9 | I25: =$E$20+$D$5*MIN($A25,$E$5) -> 4
A26: 2 | B26: =INT($D$17*$C$5^MIN($A26,$E$5)) -> 18 | C26: =$E$17+$D$5*MIN($A26,$E$5) -> 5 | D26: =INT($D$18*$C$5^MIN($A26,$E$5)) -> 9 | E26: =$E$18+$D$5*MIN($A26,$E$5) -> 4 | F26: =INT($D$19*$C$5^MIN($A26,$E$5)) -> 13 | G26: =$E$19+$D$5*MIN($A26,$E$5) -> 7 | H26: =INT($D$20*$C$5^MIN($A26,$E$5)) -> 13 | I26: =$E$20+$D$5*MIN($A26,$E$5) -> 5
A27: 3 | B27: =INT($D$17*$C$5^MIN($A27,$E$5)) -> 27 | C27: =$E$17+$D$5*MIN($A27,$E$5) -> 6 | D27: =INT($D$18*$C$5^MIN($A27,$E$5)) -> 13 | E27: =$E$18+$D$5*MIN($A27,$E$5) -> 5 | F27: =INT($D$19*$C$5^MIN($A27,$E$5)) -> 20 | G27: =$E$19+$D$5*MIN($A27,$E$5) -> 8 | H27: =INT($D$20*$C$5^MIN($A27,$E$5)) -> 20 | I27: =$E$20+$D$5*MIN($A27,$E$5) -> 6
A28: 4 | B28: =INT($D$17*$C$5^MIN($A28,$E$5)) -> 40 | C28: =$E$17+$D$5*MIN($A28,$E$5) -> 7 | D28: =INT($D$18*$C$5^MIN($A28,$E$5)) -> 20 | E28: =$E$18+$D$5*MIN($A28,$E$5) -> 6 | F28: =INT($D$19*$C$5^MIN($A28,$E$5)) -> 30 | G28: =$E$19+$D$5*MIN($A28,$E$5) -> 9 | H28: =INT($D$20*$C$5^MIN($A28,$E$5)) -> 30 | I28: =$E$20+$D$5*MIN($A28,$E$5) -> 7
A29: 5 | B29: =INT($D$17*$C$5^MIN($A29,$E$5)) -> 60 | C29: =$E$17+$D$5*MIN($A29,$E$5) -> 8 | D29: =INT($D$18*$C$5^MIN($A29,$E$5)) -> 30 | E29: =$E$18+$D$5*MIN($A29,$E$5) -> 7 | F29: =INT($D$19*$C$5^MIN($A29,$E$5)) -> 45 | G29: =$E$19+$D$5*MIN($A29,$E$5) -> 10 | H29: =INT($D$20*$C$5^MIN($A29,$E$5)) -> 45 | I29: =$E$20+$D$5*MIN($A29,$E$5) -> 8
A30: 6 | B30: =INT($D$17*$C$5^MIN($A30,$E$5)) -> 91 | C30: =$E$17+$D$5*MIN($A30,$E$5) -> 9 | D30: =INT($D$18*$C$5^MIN($A30,$E$5)) -> 45 | E30: =$E$18+$D$5*MIN($A30,$E$5) -> 8 | F30: =INT($D$19*$C$5^MIN($A30,$E$5)) -> 68 | G30: =$E$19+$D$5*MIN($A30,$E$5) -> 11 | H30: =INT($D$20*$C$5^MIN($A30,$E$5)) -> 68 | I30: =$E$20+$D$5*MIN($A30,$E$5) -> 9
A31: 7 | B31: =INT($D$17*$C$5^MIN($A31,$E$5)) -> 136 | C31: =$E$17+$D$5*MIN($A31,$E$5) -> 10 | D31: =INT($D$18*$C$5^MIN($A31,$E$5)) -> 68 | E31: =$E$18+$D$5*MIN($A31,$E$5) -> 9 | F31: =INT($D$19*$C$5^MIN($A31,$E$5)) -> 102 | G31: =$E$19+$D$5*MIN($A31,$E$5) -> 12 | H31: =INT($D$20*$C$5^MIN($A31,$E$5)) -> 102 | I31: =$E$20+$D$5*MIN($A31,$E$5) -> 10
A32: 8 | B32: =INT($D$17*$C$5^MIN($A32,$E$5)) -> 205 | C32: =$E$17+$D$5*MIN($A32,$E$5) -> 11 | D32: =INT($D$18*$C$5^MIN($A32,$E$5)) -> 102 | E32: =$E$18+$D$5*MIN($A32,$E$5) -> 10 | F32: =INT($D$19*$C$5^MIN($A32,$E$5)) -> 153 | G32: =$E$19+$D$5*MIN($A32,$E$5) -> 13 | H32: =INT($D$20*$C$5^MIN($A32,$E$5)) -> 153 | I32: =$E$20+$D$5*MIN($A32,$E$5) -> 11
A33: 9 | B33: =INT($D$17*$C$5^MIN($A33,$E$5)) -> 307 | C33: =$E$17+$D$5*MIN($A33,$E$5) -> 12 | D33: =INT($D$18*$C$5^MIN($A33,$E$5)) -> 153 | E33: =$E$18+$D$5*MIN($A33,$E$5) -> 11 | F33: =INT($D$19*$C$5^MIN($A33,$E$5)) -> 230 | G33: =$E$19+$D$5*MIN($A33,$E$5) -> 14 | H33: =INT($D$20*$C$5^MIN($A33,$E$5)) -> 230 | I33: =$E$20+$D$5*MIN($A33,$E$5) -> 12
A34: 10 | B34: =INT($D$17*$C$5^MIN($A34,$E$5)) -> 461 | C34: =$E$17+$D$5*MIN($A34,$E$5) -> 13 | D34: =INT($D$18*$C$5^MIN($A34,$E$5)) -> 230 | E34: =$E$18+$D$5*MIN($A34,$E$5) -> 12 | F34: =INT($D$19*$C$5^MIN($A34,$E$5)) -> 345 | G34: =$E$19+$D$5*MIN($A34,$E$5) -> 15 | H34: =INT($D$20*$C$5^MIN($A34,$E$5)) -> 345 | I34: =$E$20+$D$5*MIN($A34,$E$5) -> 13

Sheet Spawn odds
A1: Chance per spot draw, by region
A2: Set 'Unlocked' to 0 to model an earlier life. Chances are per spot; a chunk rolls about 1.5 spots.
A4: Encounter | E4: The Old Road | G4: Deep Woods | I4: Bramble Thicket | K4: Still Glade
A5: ID | B5: Tier | C5: Unlocked | D5: Base weight | E5: Eff. weight | F5: Chance | G5: Eff. weight | H5: Chance | I5: Eff. weight | J5: Chance | K5: Eff. weight | L5: Chance
A6: bramble_berries | B6: =Encounters!E5 -> common | C6: 1 | D6: =Encounters!F5 -> 11 | E6: =INT($C6*$D6*Regions!C5) -> 13 | F6: =IF(E6=0,0,IF($B6="rare",F$32/E$27,IF($B6="uncommon",F$33/E$28,F$34/E$29))*E6) -> 0.096372542 | G6: =INT($C6*$D6*Regions!D5) -> 6 | H6: =IF(G6=0,0,IF($B6="rare",H$32/G$27,IF($B6="uncommon",H$33/G$28,H$34/G$29))*G6) -> 0.029929383 | I6: =INT($C6*$D6*Regions!E5) -> 33 | J6: =IF(I6=0,0,IF($B6="rare",J$32/I$27,IF($B6="uncommon",J$33/I$28,J$34/I$29))*I6) -> 0.21519609 | K6: =INT($C6*$D6*Regions!F5) -> 11 | L6: =IF(K6=0,0,IF($B6="rare",L$32/K$27,IF($B6="uncommon",L$33/K$28,L$34/K$29))*K6) -> 0.064697024
A7: fallen_branches | B7: =Encounters!E6 -> common | C7: 1 | D7: =Encounters!F6 -> 18 | E7: =INT($C7*$D7*Regions!C6) -> 13 | F7: =IF(E7=0,0,IF($B7="rare",F$32/E$27,IF($B7="uncommon",F$33/E$28,F$34/E$29))*E7) -> 0.096372542 | G7: =INT($C7*$D7*Regions!D6) -> 28 | H7: =IF(G7=0,0,IF($B7="rare",H$32/G$27,IF($B7="uncommon",H$33/G$28,H$34/G$29))*G7) -> 0.13967045 | I7: =INT($C7*$D7*Regions!E6) -> 23 | J7: =IF(I7=0,0,IF($B7="rare",J$32/I$27,IF($B7="uncommon",J$33/I$28,J$34/I$29))*I7) -> 0.14998516 | K7: =INT($C7*$D7*Regions!F6) -> 0 | L7: =IF(K7=0,0,IF($B7="rare",L$32/K$27,IF($B7="uncommon",L$33/K$28,L$34/K$29))*K7) -> 0
A8: animal_tracks | B8: =Encounters!E7 -> common | C8: 1 | D8: =Encounters!F7 -> 12 | E8: =INT($C8*$D8*Regions!C7) -> 0 | F8: =IF(E8=0,0,IF($B8="rare",F$32/E$27,IF($B8="uncommon",F$33/E$28,F$34/E$29))*E8) -> 0 | G8: =INT($C8*$D8*Regions!D7) -> 18 | H8: =IF(G8=0,0,IF($B8="rare",H$32/G$27,IF($B8="uncommon",H$33/G$28,H$34/G$29))*G8) -> 0.089788149 | I8: =INT($C8*$D8*Regions!E7) -> 0 | J8: =IF(I8=0,0,IF($B8="rare",J$32/I$27,IF($B8="uncommon",J$33/I$28,J$34/I$29))*I8) -> 0 | K8: =INT($C8*$D8*Regions!F7) -> 16 | L8: =IF(K8=0,0,IF($B8="rare",L$32/K$27,IF($B8="uncommon",L$33/K$28,L$34/K$29))*K8) -> 0.094104762
A9: forest_spring | B9: =Encounters!E8 -> common | C9: 1 | D9: =Encounters!F8 -> 9 | E9: =INT($C9*$D9*Regions!C8) -> 9 | F9: =IF(E9=0,0,IF($B9="rare",F$32/E$27,IF($B9="uncommon",F$33/E$28,F$34/E$29))*E9) -> 0.066719452 | G9: =INT($C9*$D9*Regions!D8) -> 6 | H9: =IF(G9=0,0,IF($B9="rare",H$32/G$27,IF($B9="uncommon",H$33/G$28,H$34/G$29))*G9) -> 0.029929383 | I9: =INT($C9*$D9*Regions!E8) -> 5 | J9: =IF(I9=0,0,IF($B9="rare",J$32/I$27,IF($B9="uncommon",J$33/I$28,J$34/I$29))*I9) -> 0.032605469 | K9: =INT($C9*$D9*Regions!F8) -> 19 | L9: =IF(K9=0,0,IF($B9="rare",L$32/K$27,IF($B9="uncommon",L$33/K$28,L$34/K$29))*K9) -> 0.1117494
A10: reed_bed | B10: =Encounters!E9 -> common | C10: 1 | D10: =Encounters!F9 -> 7 | E10: =INT($C10*$D10*Regions!C9) -> 7 | F10: =IF(E10=0,0,IF($B10="rare",F$32/E$27,IF($B10="uncommon",F$33/E$28,F$34/E$29))*E10) -> 0.051892907 | G10: =INT($C10*$D10*Regions!D9) -> 7 | H10: =IF(G10=0,0,IF($B10="rare",H$32/G$27,IF($B10="uncommon",H$33/G$28,H$34/G$29))*G10) -> 0.034917614 | I10: =INT($C10*$D10*Regions!E9) -> 7 | J10: =IF(I10=0,0,IF($B10="rare",J$32/I$27,IF($B10="uncommon",J$33/I$28,J$34/I$29))*I10) -> 0.045647656 | K10: =INT($C10*$D10*Regions!F9) -> 7 | L10: =IF(K10=0,0,IF($B10="rare",L$32/K$27,IF($B10="uncommon",L$33/K$28,L$34/K$29))*K10) -> 0.041170833
A11: fishing_pool | B11: =Encounters!E10 -> common | C11: 1 | D11: =Encounters!F10 -> 9 | E11: =INT($C11*$D11*Regions!C10) -> 9 | F11: =IF(E11=0,0,IF($B11="rare",F$32/E$27,IF($B11="uncommon",F$33/E$28,F$34/E$29))*E11) -> 0.066719452 | G11: =INT($C11*$D11*Regions!D10) -> 9 | H11: =IF(G11=0,0,IF($B11="rare",H$32/G$27,IF($B11="uncommon",H$33/G$28,H$34/G$29))*G11) -> 0.044894075 | I11: =INT($C11*$D11*Regions!E10) -> 9 | J11: =IF(I11=0,0,IF($B11="rare",J$32/I$27,IF($B11="uncommon",J$33/I$28,J$34/I$29))*I11) -> 0.058689844 | K11: =INT($C11*$D11*Regions!F10) -> 9 | L11: =IF(K11=0,0,IF($B11="rare",L$32/K$27,IF($B11="uncommon",L$33/K$28,L$34/K$29))*K11) -> 0.052933929
A12: river_shallows | B12: =Encounters!E11 -> common | C12: 1 | D12: =Encounters!F11 -> 4 | E12: =INT($C12*$D12*Regions!C11) -> 4 | F12: =IF(E12=0,0,IF($B12="rare",F$32/E$27,IF($B12="uncommon",F$33/E$28,F$34/E$29))*E12) -> 0.02965309 | G12: =INT($C12*$D12*Regions!D11) -> 4 | H12: =IF(G12=0,0,IF($B12="rare",H$32/G$27,IF($B12="uncommon",H$33/G$28,H$34/G$29))*G12) -> 0.019952922 | I12: =INT($C12*$D12*Regions!E11) -> 4 | J12: =IF(I12=0,0,IF($B12="rare",J$32/I$27,IF($B12="uncommon",J$33/I$28,J$34/I$29))*I12) -> 0.026084375 | K12: =INT($C12*$D12*Regions!F11) -> 4 | L12: =IF(K12=0,0,IF($B12="rare",L$32/K$27,IF($B12="uncommon",L$33/K$28,L$34/K$29))*K12) -> 0.02352619
A13: fishing_net | B13: =Encounters!E12 -> uncommon | C13: 1 | D13: =Encounters!F12 -> 3 | E13: =INT($C13*$D13*Regions!C12) -> 3 | F13: =IF(E13=0,0,IF($B13="rare",F$32/E$27,IF($B13="uncommon",F$33/E$28,F$34/E$29))*E13) -> 0.04603125 | G13: =INT($C13*$D13*Regions!D12) -> 3 | H13: =IF(G13=0,0,IF($B13="rare",H$32/G$27,IF($B13="uncommon",H$33/G$28,H$34/G$29))*G13) -> 0.0451875 | I13: =INT($C13*$D13*Regions!E12) -> 3 | J13: =IF(I13=0,0,IF($B13="rare",J$32/I$27,IF($B13="uncommon",J$33/I$28,J$34/I$29))*I13) -> 0.04603125 | K13: =INT($C13*$D13*Regions!F12) -> 3 | L13: =IF(K13=0,0,IF($B13="rare",L$32/K$27,IF($B13="uncommon",L$33/K$28,L$34/K$29))*K13) -> 0.0451875
A14: river_lurker | B14: =Encounters!E13 -> common | C14: 1 | D14: =Encounters!F13 -> 3 | E14: =INT($C14*$D14*Regions!C13) -> 3 | F14: =IF(E14=0,0,IF($B14="rare",F$32/E$27,IF($B14="uncommon",F$33/E$28,F$34/E$29))*E14) -> 0.022239817 | G14: =INT($C14*$D14*Regions!D13) -> 3 | H14: =IF(G14=0,0,IF($B14="rare",H$32/G$27,IF($B14="uncommon",H$33/G$28,H$34/G$29))*G14) -> 0.014964692 | I14: =INT($C14*$D14*Regions!E13) -> 3 | J14: =IF(I14=0,0,IF($B14="rare",J$32/I$27,IF($B14="uncommon",J$33/I$28,J$34/I$29))*I14) -> 0.019563281 | K14: =INT($C14*$D14*Regions!F13) -> 3 | L14: =IF(K14=0,0,IF($B14="rare",L$32/K$27,IF($B14="uncommon",L$33/K$28,L$34/K$29))*K14) -> 0.017644643
A15: bramble_boar | B15: =Encounters!E14 -> common | C15: 1 | D15: =Encounters!F14 -> 9 | E15: =INT($C15*$D15*Regions!C14) -> 6 | F15: =IF(E15=0,0,IF($B15="rare",F$32/E$27,IF($B15="uncommon",F$33/E$28,F$34/E$29))*E15) -> 0.044479635 | G15: =INT($C15*$D15*Regions!D14) -> 22 | H15: =IF(G15=0,0,IF($B15="rare",H$32/G$27,IF($B15="uncommon",H$33/G$28,H$34/G$29))*G15) -> 0.10974107 | I15: =INT($C15*$D15*Regions!E14) -> 11 | J15: =IF(I15=0,0,IF($B15="rare",J$32/I$27,IF($B15="uncommon",J$33/I$28,J$34/I$29))*I15) -> 0.071732031 | K15: =INT($C15*$D15*Regions!F14) -> 3 | L15: =IF(K15=0,0,IF($B15="rare",L$32/K$27,IF($B15="uncommon",L$33/K$28,L$34/K$29))*K15) -> 0.017644643
A16: gnarled_tree | B16: =Encounters!E15 -> common | C16: 1 | D16: =Encounters!F15 -> 10 | E16: =INT($C16*$D16*Regions!C15) -> 10 | F16: =IF(E16=0,0,IF($B16="rare",F$32/E$27,IF($B16="uncommon",F$33/E$28,F$34/E$29))*E16) -> 0.074132725 | G16: =INT($C16*$D16*Regions!D15) -> 20 | H16: =IF(G16=0,0,IF($B16="rare",H$32/G$27,IF($B16="uncommon",H$33/G$28,H$34/G$29))*G16) -> 0.09976461 | I16: =INT($C16*$D16*Regions!E15) -> 10 | J16: =IF(I16=0,0,IF($B16="rare",J$32/I$27,IF($B16="uncommon",J$33/I$28,J$34/I$29))*I16) -> 0.065210937 | K16: =INT($C16*$D16*Regions!F15) -> 10 | L16: =IF(K16=0,0,IF($B16="rare",L$32/K$27,IF($B16="uncommon",L$33/K$28,L$34/K$29))*K16) -> 0.058815476
A17: dead_tree | B17: =Encounters!E16 -> common | C17: 1 | D17: =Encounters!F16 -> 8 | E17: =INT($C17*$D17*Regions!C16) -> 8 | F17: =IF(E17=0,0,IF($B17="rare",F$32/E$27,IF($B17="uncommon",F$33/E$28,F$34/E$29))*E17) -> 0.05930618 | G17: =INT($C17*$D17*Regions!D16) -> 8 | H17: =IF(G17=0,0,IF($B17="rare",H$32/G$27,IF($B17="uncommon",H$33/G$28,H$34/G$29))*G17) -> 0.039905844 | I17: =INT($C17*$D17*Regions!E16) -> 8 | J17: =IF(I17=0,0,IF($B17="rare",J$32/I$27,IF($B17="uncommon",J$33/I$28,J$34/I$29))*I17) -> 0.05216875 | K17: =INT($C17*$D17*Regions!F16) -> 8 | L17: =IF(K17=0,0,IF($B17="rare",L$32/K$27,IF($B17="uncommon",L$33/K$28,L$34/K$29))*K17) -> 0.047052381
... A24: wayside_shrine | B24: =Encounters!E23 -> uncommon | C24: 1 | D24: =Encounters!F23 -> 6 | E24: =INT($C24*$D24*Regions!C23) -> 6 | F24: =IF(E24=0,0,IF($B24="rare",F$32/E$27,IF($B24="uncommon",F$33/E$28,F$34/E$29))*E24) -> 0.0920625 | G24: =INT($C24*$D24*Regions!D23) -> 0 | H24: =IF(G24=0,0,IF($B24="rare",H$32/G$27,IF($B24="uncommon",H$33/G$28,H$34/G$29))*G24) -> 0 | I24: =INT($C24*$D24*Regions!E23) -> 0 | J24: =IF(I24=0,0,IF($B24="rare",J$32/I$27,IF($B24="uncommon",J$33/I$28,J$34/I$29))*I24) -> 0 | K24: =INT($C24*$D24*Regions!F23) -> 0 | L24: =IF(K24=0,0,IF($B24="rare",L$32/K$27,IF($B24="uncommon",L$33/K$28,L$34/K$29))*K24) -> 0
A26: Tier summary
A27: Eligible weight · rare | E27: =SUMIFS($E$6:$E$24,$B$6:$B$24,"rare") -> 3 | G27: =SUMIFS($G$6:$G$24,$B$6:$B$24,"rare") -> 6 | I27: =SUMIFS($I$6:$I$24,$B$6:$B$24,"rare") -> 3 | K27: =SUMIFS($K$6:$K$24,$B$6:$B$24,"rare") -> 6
A28: Eligible weight · uncommon | E28: =SUMIFS($E$6:$E$24,$B$6:$B$24,"uncommon") -> 21 | G28: =SUMIFS($G$6:$G$24,$B$6:$B$24,"uncommon") -> 13 | I28: =SUMIFS($I$6:$I$24,$B$6:$B$24,"uncommon") -> 13 | K28: =SUMIFS($K$6:$K$24,$B$6:$B$24,"uncommon") -> 23
A29: Eligible weight · common | E29: =SUMIFS($E$6:$E$24,$B$6:$B$24,"common") -> 89 | G29: =SUMIFS($G$6:$G$24,$B$6:$B$24,"common") -> 154 | I29: =SUMIFS($I$6:$I$24,$B$6:$B$24,"common") -> 120 | K29: =SUMIFS($K$6:$K$24,$B$6:$B$24,"common") -> 105
A30: Tier odds · rare | F30: =IF(E27=0,0,MIN(Tiers!$B$9,Tiers!$B$5*E27/Tiers!$C$5*Tiers!$B$12)) -> 0.018 | H30: =IF(G27=0,0,MIN(Tiers!$B$9,Tiers!$B$5*G27/Tiers!$C$5*Tiers!$B$12)) -> 0.036 | J30: =IF(I27=0,0,MIN(Tiers!$B$9,Tiers!$B$5*I27/Tiers!$C$5*Tiers!$B$12)) -> 0.018 | L30: =IF(K27=0,0,MIN(Tiers!$B$9,Tiers!$B$5*K27/Tiers!$C$5*Tiers!$B$12)) -> 0.036
A31: Tier odds · uncommon | F31: =IF(E28=0,0,MIN(Tiers!$B$9,Tiers!$B$6*E28/Tiers!$C$6*Tiers!$B$12)) -> 0.328125 | H31: =IF(G28=0,0,MIN(Tiers!$B$9,Tiers!$B$6*G28/Tiers!$C$6*Tiers!$B$12)) -> 0.203125 | J31: =IF(I28=0,0,MIN(Tiers!$B$9,Tiers!$B$6*I28/Tiers!$C$6*Tiers!$B$12)) -> 0.203125 | L31: =IF(K28=0,0,MIN(Tiers!$B$9,Tiers!$B$6*K28/Tiers!$C$6*Tiers!$B$12)) -> 0.359375
A32: P(spot is rare) | F32: =IF(E27=0,0,IF(E28+E29=0,1,F30)) -> 0.018 | H32: =IF(G27=0,0,IF(G28+G29=0,1,H30)) -> 0.036 | J32: =IF(I27=0,0,IF(I28+I29=0,1,J30)) -> 0.018 | L32: =IF(K27=0,0,IF(K28+K29=0,1,L30)) -> 0.036
A33: P(spot is uncommon) | F33: =IF(E28=0,0,IF(E29=0,1-F32,(1-F32)*F31)) -> 0.32221875 | H33: =IF(G28=0,0,IF(G29=0,1-H32,(1-H32)*H31)) -> 0.1958125 | J33: =IF(I28=0,0,IF(I29=0,1-J32,(1-J32)*J31)) -> 0.19946875 | L33: =IF(K28=0,0,IF(K29=0,1-L32,(1-L32)*L31)) -> 0.3464375
A34: P(spot is common) | F34: =IF(E29=0,0,1-F32-F33) -> 0.65978125 | H34: =IF(G29=0,0,1-H32-H33) -> 0.7681875 | J34: =IF(I29=0,0,1-J32-J33) -> 0.78253125 | L34: =IF(K29=0,0,1-L32-L33) -> 0.6175625
A35: Check: chances sum | F35: =SUM($F$6:$F$24) -> 1 | H35: =SUM($H$6:$H$24) -> 1 | J35: =SUM($J$6:$J$24) -> 1 | L35: =SUM($L$6:$L$24) -> 1
A37: The engine works in whole basis points, so in-game numbers can differ by about 0.1%.

Sheet Fixed loot
A1: Fixed loot
A2: Each row rolls on its own every completion. Expected = chance x average amount.
A4: Action | B4: Item | C4: Min | D4: Max | E4: Chance | F4: Expected per completion | G4: Ash per unit | H4: Expected ash
A5: bramble_berries | B5: wild_berries | C5: 1 | D5: 2 | E5: 1 | F5: =E5*(C5+D5)/2 -> 1.5 | G5: =INDEX(Items!$F:$F,MATCH(B5,Items!$A:$A,0)) -> 1 | H5: =F5*G5 -> 1.5
A6: bramble_berries | B6: bramble_thorn | C6: 1 | D6: 1 | E6: 0.35 | F6: =E6*(C6+D6)/2 -> 0.35 | G6: =INDEX(Items!$F:$F,MATCH(B6,Items!$A:$A,0)) -> 2 | H6: =F6*G6 -> 0.7
A7: fallen_branches | B7: stick | C7: 1 | D7: 1 | E7: 1 | F7: =E7*(C7+D7)/2 -> 1 | G7: =INDEX(Items!$F:$F,MATCH(B7,Items!$A:$A,0)) -> 1 | H7: =F7*G7 -> 1
A8: fallen_branches | B8: stick | C8: 1 | D8: 1 | E8: 0.5 | F8: =E8*(C8+D8)/2 -> 0.5 | G8: =INDEX(Items!$F:$F,MATCH(B8,Items!$A:$A,0)) -> 1 | H8: =F8*G8 -> 0.5
A9: hunt_deer | B9: venison | C9: 1 | D9: 1 | E9: 1 | F9: =E9*(C9+D9)/2 -> 1 | G9: =INDEX(Items!$F:$F,MATCH(B9,Items!$A:$A,0)) -> 3 | H9: =F9*G9 -> 3
A10: cut_wood | B10: stick | C10: 1 | D10: 2 | E10: 1 | F10: =E10*(C10+D10)/2 -> 1.5 | G10: =INDEX(Items!$F:$F,MATCH(B10,Items!$A:$A,0)) -> 1 | H10: =F10*G10 -> 1.5
A11: feeding_ground | B11: wild_berries | C11: 2 | D11: 3 | E11: 1 | F11: =E11*(C11+D11)/2 -> 2.5 | G11: =INDEX(Items!$F:$F,MATCH(B11,Items!$A:$A,0)) -> 1 | H11: =F11*G11 -> 2.5
A12: feeding_ground | B12: bramble_thorn | C12: 1 | D12: 2 | E12: 0.5 | F12: =E12*(C12+D12)/2 -> 0.75 | G12: =INDEX(Items!$F:$F,MATCH(B12,Items!$A:$A,0)) -> 2 | H12: =F12*G12 -> 1.5
A13: angry_boar | B13: boar_meat | C13: 1 | D13: 1 | E13: 1 | F13: =E13*(C13+D13)/2 -> 1 | G13: =INDEX(Items!$F:$F,MATCH(B13,Items!$A:$A,0)) -> 3 | H13: =F13*G13 -> 3
A14: angry_boar | B14: boar_hide | C14: 1 | D14: 1 | E14: 0.6 | F14: =E14*(C14+D14)/2 -> 0.6 | G14: =INDEX(Items!$F:$F,MATCH(B14,Items!$A:$A,0)) -> 4 | H14: =F14*G14 -> 2.4
A15: rotten_log | B15: pale_mushroom | C15: 1 | D15: 3 | E15: 0.7 | F15: =E15*(C15+D15)/2 -> 1.4 | G15: =INDEX(Items!$F:$F,MATCH(B15,Items!$A:$A,0)) -> 2 | H15: =F15*G15 -> 2.8
A16: hidden_stash | B16: cloth_scrap | C16: 1 | D16: 2 | E16: 0.6 | F16: =E16*(C16+D16)/2 -> 0.9 | G16: =INDEX(Items!$F:$F,MATCH(B16,Items!$A:$A,0)) -> 2 | H16: =F16*G16 -> 1.8
... A60: craft_snare | B60: snared_hare | C60: 1 | D60: 1 | E60: 0.75 | F60: =E60*(C60+D60)/2 -> 0.75 | G60: =INDEX(Items!$F:$F,MATCH(B60,Items!$A:$A,0)) -> 3 | H60: =F60*G60 -> 2.25

Sheet Drop tables
A1: Bonus drop tables
A2: One cascading roll: rare first, then uncommon, else common (an empty common pool means nothing drops).
A4: Table | B4: Rare odds | C4: Uncommon odds | D4: Has rare pool | E4: Has uncommon pool | F4: Has common pool | G4: P(rare) | H4: P(uncommon) | I4: P(common) | J4: P(nothing)
A5: forest_trinkets | B5: 0.25 | C5: 0 | D5: =IF(COUNTIFS($A$22:$A$54,$A5,$B$22:$B$54,"rare")>0,1,0) -> 1 | E5: =IF(COUNTIFS($A$22:$A$54,$A5,$B$22:$B$54,"uncommon")>0,1,0) -> 0 | F5: =IF(COUNTIFS($A$22:$A$54,$A5,$B$22:$B$54,"common")>0,1,0) -> 1 | G5: =IF(D5=1,MIN(B5,Tiers!$B$9),0) -> 0.25 | H5: =IF(E5=1,(1-G5)*MIN(C5,Tiers!$B$9),0) -> 0 | I5: =IF(F5=1,1-G5-H5,0) -> 0.75 | J5: =1-G5-H5-I5 -> 0
A6: boar_spoils | B6: 0.02 | C6: 0.15 | D6: =IF(COUNTIFS($A$22:$A$54,$A6,$B$22:$B$54,"rare")>0,1,0) -> 1 | E6: =IF(COUNTIFS($A$22:$A$54,$A6,$B$22:$B$54,"uncommon")>0,1,0) -> 1 | F6: =IF(COUNTIFS($A$22:$A$54,$A6,$B$22:$B$54,"common")>0,1,0) -> 0 | G6: =IF(D6=1,MIN(B6,Tiers!$B$9),0) -> 0.02 | H6: =IF(E6=1,(1-G6)*MIN(C6,Tiers!$B$9),0) -> 0.147 | I6: =IF(F6=1,1-G6-H6,0) -> 0 | J6: =1-G6-H6-I6 -> 0.833
A7: deer_spoils | B7: 0.02 | C7: 0.2 | D7: =IF(COUNTIFS($A$22:$A$54,$A7,$B$22:$B$54,"rare")>0,1,0) -> 1 | E7: =IF(COUNTIFS($A$22:$A$54,$A7,$B$22:$B$54,"uncommon")>0,1,0) -> 1 | F7: =IF(COUNTIFS($A$22:$A$54,$A7,$B$22:$B$54,"common")>0,1,0) -> 0 | G7: =IF(D7=1,MIN(B7,Tiers!$B$9),0) -> 0.02 | H7: =IF(E7=1,(1-G7)*MIN(C7,Tiers!$B$9),0) -> 0.196 | I7: =IF(F7=1,1-G7-H7,0) -> 0 | J7: =1-G7-H7-I7 -> 0.784
A8: traveller_cache | B8: 0.04 | C8: 0.25 | D8: =IF(COUNTIFS($A$22:$A$54,$A8,$B$22:$B$54,"rare")>0,1,0) -> 1 | E8: =IF(COUNTIFS($A$22:$A$54,$A8,$B$22:$B$54,"uncommon")>0,1,0) -> 1 | F8: =IF(COUNTIFS($A$22:$A$54,$A8,$B$22:$B$54,"common")>0,1,0) -> 0 | G8: =IF(D8=1,MIN(B8,Tiers!$B$9),0) -> 0.04 | H8: =IF(E8=1,(1-G8)*MIN(C8,Tiers!$B$9),0) -> 0.24 | I8: =IF(F8=1,1-G8-H8,0) -> 0 | J8: =1-G8-H8-I8 -> 0.72
A9: wood_stash | B9: 0 | C9: 0.25 | D9: =IF(COUNTIFS($A$22:$A$54,$A9,$B$22:$B$54,"rare")>0,1,0) -> 0 | E9: =IF(COUNTIFS($A$22:$A$54,$A9,$B$22:$B$54,"uncommon")>0,1,0) -> 1 | F9: =IF(COUNTIFS($A$22:$A$54,$A9,$B$22:$B$54,"common")>0,1,0) -> 1 | G9: =IF(D9=1,MIN(B9,Tiers!$B$9),0) -> 0 | H9: =IF(E9=1,(1-G9)*MIN(C9,Tiers!$B$9),0) -> 0.25 | I9: =IF(F9=1,1-G9-H9,0) -> 0.75 | J9: =1-G9-H9-I9 -> 0
A10: rotten_log | B10: 0.03 | C10: 0.15 | D10: =IF(COUNTIFS($A$22:$A$54,$A10,$B$22:$B$54,"rare")>0,1,0) -> 1 | E10: =IF(COUNTIFS($A$22:$A$54,$A10,$B$22:$B$54,"uncommon")>0,1,0) -> 1 | F10: =IF(COUNTIFS($A$22:$A$54,$A10,$B$22:$B$54,"common")>0,1,0) -> 0 | G10: =IF(D10=1,MIN(B10,Tiers!$B$9),0) -> 0.03 | H10: =IF(E10=1,(1-G10)*MIN(C10,Tiers!$B$9),0) -> 0.1455 | I10: =IF(F10=1,1-G10-H10,0) -> 0 | J10: =1-G10-H10-I10 -> 0.8245
A11: hidden_stash | B11: 0.06 | C11: 0.35 | D11: =IF(COUNTIFS($A$22:$A$54,$A11,$B$22:$B$54,"rare")>0,1,0) -> 1 | E11: =IF(COUNTIFS($A$22:$A$54,$A11,$B$22:$B$54,"uncommon")>0,1,0) -> 1 | F11: =IF(COUNTIFS($A$22:$A$54,$A11,$B$22:$B$54,"common")>0,1,0) -> 0 | G11: =IF(D11=1,MIN(B11,Tiers!$B$9),0) -> 0.06 | H11: =IF(E11=1,(1-G11)*MIN(C11,Tiers!$B$9),0) -> 0.329 | I11: =IF(F11=1,1-G11-H11,0) -> 0 | J11: =1-G11-H11-I11 -> 0.611
A12: lurker_spoils | B12: 0.02 | C12: 0.3 | D12: =IF(COUNTIFS($A$22:$A$54,$A12,$B$22:$B$54,"rare")>0,1,0) -> 1 | E12: =IF(COUNTIFS($A$22:$A$54,$A12,$B$22:$B$54,"uncommon")>0,1,0) -> 1 | F12: =IF(COUNTIFS($A$22:$A$54,$A12,$B$22:$B$54,"common")>0,1,0) -> 0 | G12: =IF(D12=1,MIN(B12,Tiers!$B$9),0) -> 0.02 | H12: =IF(E12=1,(1-G12)*MIN(C12,Tiers!$B$9),0) -> 0.294 | I12: =IF(F12=1,1-G12-H12,0) -> 0 | J12: =1-G12-H12-I12 -> 0.686
A13: bones_spoils | B13: 0.03 | C13: 0.3 | D13: =IF(COUNTIFS($A$22:$A$54,$A13,$B$22:$B$54,"rare")>0,1,0) -> 1 | E13: =IF(COUNTIFS($A$22:$A$54,$A13,$B$22:$B$54,"uncommon")>0,1,0) -> 1 | F13: =IF(COUNTIFS($A$22:$A$54,$A13,$B$22:$B$54,"common")>0,1,0) -> 0 | G13: =IF(D13=1,MIN(B13,Tiers!$B$9),0) -> 0.03 | H13: =IF(E13=1,(1-G13)*MIN(C13,Tiers!$B$9),0) -> 0.291 | I13: =IF(F13=1,1-G13-H13,0) -> 0 | J13: =1-G13-H13-I13 -> 0.679
A14: fishing_camp | B14: 0.03 | C14: 0.25 | D14: =IF(COUNTIFS($A$22:$A$54,$A14,$B$22:$B$54,"rare")>0,1,0) -> 1 | E14: =IF(COUNTIFS($A$22:$A$54,$A14,$B$22:$B$54,"uncommon")>0,1,0) -> 1 | F14: =IF(COUNTIFS($A$22:$A$54,$A14,$B$22:$B$54,"common")>0,1,0) -> 0 | G14: =IF(D14=1,MIN(B14,Tiers!$B$9),0) -> 0.03 | H14: =IF(E14=1,(1-G14)*MIN(C14,Tiers!$B$9),0) -> 0.2425 | I14: =IF(F14=1,1-G14-H14,0) -> 0 | J14: =1-G14-H14-I14 -> 0.7275
A15: hunter_trophies | B15: 0.05 | C15: 0.6 | D15: =IF(COUNTIFS($A$22:$A$54,$A15,$B$22:$B$54,"rare")>0,1,0) -> 1 | E15: =IF(COUNTIFS($A$22:$A$54,$A15,$B$22:$B$54,"uncommon")>0,1,0) -> 1 | F15: =IF(COUNTIFS($A$22:$A$54,$A15,$B$22:$B$54,"common")>0,1,0) -> 1 | G15: =IF(D15=1,MIN(B15,Tiers!$B$9),0) -> 0.05 | H15: =IF(E15=1,(1-G15)*MIN(C15,Tiers!$B$9),0) -> 0.57 | I15: =IF(F15=1,1-G15-H15,0) -> 0.38 | J15: =1-G15-H15-I15 -> 0
A16: shrine_offerings | B16: 0.08 | C16: 0.5 | D16: =IF(COUNTIFS($A$22:$A$54,$A16,$B$22:$B$54,"rare")>0,1,0) -> 1 | E16: =IF(COUNTIFS($A$22:$A$54,$A16,$B$22:$B$54,"uncommon")>0,1,0) -> 1 | F16: =IF(COUNTIFS($A$22:$A$54,$A16,$B$22:$B$54,"common")>0,1,0) -> 0 | G16: =IF(D16=1,MIN(B16,Tiers!$B$9),0) -> 0.08 | H16: =IF(E16=1,(1-G16)*MIN(C16,Tiers!$B$9),0) -> 0.46 | I16: =IF(F16=1,1-G16-H16,0) -> 0 | J16: =1-G16-H16-I16 -> 0.46
A17: barrow_hoard | B17: 0.12 | C17: 0.4 | D17: =IF(COUNTIFS($A$22:$A$54,$A17,$B$22:$B$54,"rare")>0,1,0) -> 1 | E17: =IF(COUNTIFS($A$22:$A$54,$A17,$B$22:$B$54,"uncommon")>0,1,0) -> 1 | F17: =IF(COUNTIFS($A$22:$A$54,$A17,$B$22:$B$54,"common")>0,1,0) -> 1 | G17: =IF(D17=1,MIN(B17,Tiers!$B$9),0) -> 0.12 | H17: =IF(E17=1,(1-G17)*MIN(C17,Tiers!$B$9),0) -> 0.352 | I17: =IF(F17=1,1-G17-H17,0) -> 0.528 | J17: =1-G17-H17-I17 -> 0
A20: Picks (one per tier pool entry; 'table:' rolls that whole table)
A21: Table | B21: Tier | C21: Pick | D21: Weight | E21: Min | F21: Max | G21: Share in pool | H21: P(tier) | I21: Chance from this table
A22: forest_trinkets | B22: rare | C22: amber_charm | D22: 1 | E22: 1 | F22: 1 | G22: =D22/SUMIFS($D$22:$D$54,$A$22:$A$54,A22,$B$22:$B$54,B22) -> 1 | H22: =INDEX($G$5:$G$17,MATCH(A22,$A$5:$A$17,0)) -> 0.25 | I22: =G22*H22 -> 0.25
A23: forest_trinkets | B23: common | C23: tarnished_coin | D23: 1 | E23: 1 | F23: 1 | G23: =D23/SUMIFS($D$22:$D$54,$A$22:$A$54,A23,$B$22:$B$54,B23) -> 1 | H23: =INDEX($I$5:$I$17,MATCH(A23,$A$5:$A$17,0)) -> 0.75 | I23: =G23*H23 -> 0.75
A24: boar_spoils | B24: rare | C24: table:forest_trinkets | D24: 1 | E24: - | F24: - | G24: =D24/SUMIFS($D$22:$D$54,$A$22:$A$54,A24,$B$22:$B$54,B24) -> 1 | H24: =INDEX($G$5:$G$17,MATCH(A24,$A$5:$A$17,0)) -> 0.02 | I24: =G24*H24 -> 0.02
A25: boar_spoils | B25: uncommon | C25: boar_tusk | D25: 1 | E25: 1 | F25: 1 | G25: =D25/SUMIFS($D$22:$D$54,$A$22:$A$54,A25,$B$22:$B$54,B25) -> 1 | H25: =INDEX($H$5:$H$17,MATCH(A25,$A$5:$A$17,0)) -> 0.147 | I25: =G25*H25 -> 0.147
A26: deer_spoils | B26: rare | C26: table:forest_trinkets | D26: 1 | E26: - | F26: - | G26: =D26/SUMIFS($D$22:$D$54,$A$22:$A$54,A26,$B$22:$B$54,B26) -> 1 | H26: =INDEX($G$5:$G$17,MATCH(A26,$A$5:$A$17,0)) -> 0.02 | I26: =G26*H26 -> 0.02
A27: deer_spoils | B27: uncommon | C27: deer_antler | D27: 1 | E27: 1 | F27: 1 | G27: =D27/SUMIFS($D$22:$D$54,$A$22:$A$54,A27,$B$22:$B$54,B27) -> 1 | H27: =INDEX($H$5:$H$17,MATCH(A27,$A$5:$A$17,0)) -> 0.196 | I27: =G27*H27 -> 0.196
A28: traveller_cache | B28: rare | C28: amber_charm | D28: 1 | E28: 1 | F28: 1 | G28: =D28/SUMIFS($D$22:$D$54,$A$22:$A$54,A28,$B$22:$B$54,B28) -> 1 | H28: =INDEX($G$5:$G$17,MATCH(A28,$A$5:$A$17,0)) -> 0.04 | I28: =G28*H28 -> 0.04
A29: traveller_cache | B29: uncommon | C29: tarnished_coin | D29: 1 | E29: 1 | F29: 2 | G29: =D29/SUMIFS($D$22:$D$54,$A$22:$A$54,A29,$B$22:$B$54,B29) -> 1 | H29: =INDEX($H$5:$H$17,MATCH(A29,$A$5:$A$17,0)) -> 0.24 | I29: =G29*H29 -> 0.24
A30: wood_stash | B30: uncommon | C30: rope | D30: 1 | E30: 1 | F30: 1 | G30: =D30/SUMIFS($D$22:$D$54,$A$22:$A$54,A30,$B$22:$B$54,B30) -> 0.5 | H30: =INDEX($H$5:$H$17,MATCH(A30,$A$5:$A$17,0)) -> 0.25 | I30: =G30*H30 -> 0.125
A31: wood_stash | B31: uncommon | C31: iron_nails | D31: 1 | E31: 1 | F31: 1 | G31: =D31/SUMIFS($D$22:$D$54,$A$22:$A$54,A31,$B$22:$B$54,B31) -> 0.5 | H31: =INDEX($H$5:$H$17,MATCH(A31,$A$5:$A$17,0)) -> 0.25 | I31: =G31*H31 -> 0.125
A32: wood_stash | B32: common | C32: stick | D32: 1 | E32: 1 | F32: 3 | G32: =D32/SUMIFS($D$22:$D$54,$A$22:$A$54,A32,$B$22:$B$54,B32) -> 1 | H32: =INDEX($I$5:$I$17,MATCH(A32,$A$5:$A$17,0)) -> 0.75 | I32: =G32*H32 -> 0.75
A33: rotten_log | B33: rare | C33: amber_charm | D33: 1 | E33: 1 | F33: 1 | G33: =D33/SUMIFS($D$22:$D$54,$A$22:$A$54,A33,$B$22:$B$54,B33) -> 1 | H33: =INDEX($G$5:$G$17,MATCH(A33,$A$5:$A$17,0)) -> 0.03 | I33: =G33*H33 -> 0.03
A34: rotten_log | B34: uncommon | C34: tarnished_coin | D34: 1 | E34: 1 | F34: 1 | G34: =D34/SUMIFS($D$22:$D$54,$A$22:$A$54,A34,$B$22:$B$54,B34) -> 1 | H34: =INDEX($H$5:$H$17,MATCH(A34,$A$5:$A$17,0)) -> 0.1455 | I34: =G34*H34 -> 0.1455
A35: hidden_stash | B35: rare | C35: amber_charm | D35: 1 | E35: 1 | F35: 1 | G35: =D35/SUMIFS($D$22:$D$54,$A$22:$A$54,A35,$B$22:$B$54,B35) -> 1 | H35: =INDEX($G$5:$G$17,MATCH(A35,$A$5:$A$17,0)) -> 0.06 | I35: =G35*H35 -> 0.06
A36: hidden_stash | B36: uncommon | C36: tarnished_coin | D36: 1 | E36: 1 | F36: 3 | G36: =D36/SUMIFS($D$22:$D$54,$A$22:$A$54,A36,$B$22:$B$54,B36) -> 0.5 | H36: =INDEX($H$5:$H$17,MATCH(A36,$A$5:$A$17,0)) -> 0.329 | I36: =G36*H36 -> 0.1645
A37: hidden_stash | B37: uncommon | C37: iron_nails | D37: 1 | E37: 1 | F37: 2 | G37: =D37/SUMIFS($D$22:$D$54,$A$22:$A$54,A37,$B$22:$B$54,B37) -> 0.5 | H37: =INDEX($H$5:$H$17,MATCH(A37,$A$5:$A$17,0)) -> 0.329 | I37: =G37*H37 -> 0.1645
A38: lurker_spoils | B38: rare | C38: table:forest_trinkets | D38: 1 | E38: - | F38: - | G38: =D38/SUMIFS($D$22:$D$54,$A$22:$A$54,A38,$B$22:$B$54,B38) -> 1 | H38: =INDEX($G$5:$G$17,MATCH(A38,$A$5:$A$17,0)) -> 0.02 | I38: =G38*H38 -> 0.02
A39: lurker_spoils | B39: uncommon | C39: river_scales | D39: 1 | E39: 1 | F39: 2 | G39: =D39/SUMIFS($D$22:$D$54,$A$22:$A$54,A39,$B$22:$B$54,B39) -> 1 | H39: =INDEX($H$5:$H$17,MATCH(A39,$A$5:$A$17,0)) -> 0.294 | I39: =G39*H39 -> 0.294
A40: bones_spoils | B40: rare | C40: amber_charm | D40: 1 | E40: 1 | F40: 1 | G40: =D40/SUMIFS($D$22:$D$54,$A$22:$A$54,A40,$B$22:$B$54,B40) -> 1 | H40: =INDEX($G$5:$G$17,MATCH(A40,$A$5:$A$17,0)) -> 0.03 | I40: =G40*H40 -> 0.03
A41: bones_spoils | B41: uncommon | C41: tarnished_coin | D41: 1 | E41: 1 | F41: 2 | G41: =D41/SUMIFS($D$22:$D$54,$A$22:$A$54,A41,$B$22:$B$54,B41) -> 0.5 | H41: =INDEX($H$5:$H$17,MATCH(A41,$A$5:$A$17,0)) -> 0.291 | I41: =G41*H41 -> 0.1455
A42: bones_spoils | B42: uncommon | C42: iron_nails | D42: 1 | E42: 1 | F42: 2 | G42: =D42/SUMIFS($D$22:$D$54,$A$22:$A$54,A42,$B$22:$B$54,B42) -> 0.5 | H42: =INDEX($H$5:$H$17,MATCH(A42,$A$5:$A$17,0)) -> 0.291 | I42: =G42*H42 -> 0.1455
A43: fishing_camp | B43: rare | C43: amber_charm | D43: 1 | E43: 1 | F43: 1 | G43: =D43/SUMIFS($D$22:$D$54,$A$22:$A$54,A43,$B$22:$B$54,B43) -> 1 | H43: =INDEX($G$5:$G$17,MATCH(A43,$A$5:$A$17,0)) -> 0.03 | I43: =G43*H43 -> 0.03
A44: fishing_camp | B44: uncommon | C44: iron_nails | D44: 1 | E44: 1 | F44: 2 | G44: =D44/SUMIFS($D$22:$D$54,$A$22:$A$54,A44,$B$22:$B$54,B44) -> 0.5 | H44: =INDEX($H$5:$H$17,MATCH(A44,$A$5:$A$17,0)) -> 0.2425 | I44: =G44*H44 -> 0.12125
A45: fishing_camp | B45: uncommon | C45: tarnished_coin | D45: 1 | E45: 1 | F45: 1 | G45: =D45/SUMIFS($D$22:$D$54,$A$22:$A$54,A45,$B$22:$B$54,B45) -> 0.5 | H45: =INDEX($H$5:$H$17,MATCH(A45,$A$5:$A$17,0)) -> 0.2425 | I45: =G45*H45 -> 0.12125
A46: hunter_trophies | B46: rare | C46: table:forest_trinkets | D46: 1 | E46: - | F46: - | G46: =D46/SUMIFS($D$22:$D$54,$A$22:$A$54,A46,$B$22:$B$54,B46) -> 1 | H46: =INDEX($G$5:$G$17,MATCH(A46,$A$5:$A$17,0)) -> 0.05 | I46: =G46*H46 -> 0.05
A47: hunter_trophies | B47: uncommon | C47: deer_antler | D47: 3 | E47: 1 | F47: 1 | G47: =D47/SUMIFS($D$22:$D$54,$A$22:$A$54,A47,$B$22:$B$54,B47) -> 0.6 | H47: =INDEX($H$5:$H$17,MATCH(A47,$A$5:$A$17,0)) -> 0.57 | I47: =G47*H47 -> 0.342
A48: hunter_trophies | B48: uncommon | C48: boar_tusk | D48: 2 | E48: 1 | F48: 1 | G48: =D48/SUMIFS($D$22:$D$54,$A$22:$A$54,A48,$B$22:$B$54,B48) -> 0.4 | H48: =INDEX($H$5:$H$17,MATCH(A48,$A$5:$A$17,0)) -> 0.57 | I48: =G48*H48 -> 0.228
A49: hunter_trophies | B49: common | C49: boar_hide | D49: 1 | E49: 1 | F49: 1 | G49: =D49/SUMIFS($D$22:$D$54,$A$22:$A$54,A49,$B$22:$B$54,B49) -> 1 | H49: =INDEX($I$5:$I$17,MATCH(A49,$A$5:$A$17,0)) -> 0.38 | I49: =G49*H49 -> 0.38
A50: shrine_offerings | B50: rare | C50: amber_charm | D50: 1 | E50: 1 | F50: 1 | G50: =D50/SUMIFS($D$22:$D$54,$A$22:$A$54,A50,$B$22:$B$54,B50) -> 1 | H50: =INDEX($G$5:$G$17,MATCH(A50,$A$5:$A$17,0)) -> 0.08 | I50: =G50*H50 -> 0.08
A51: shrine_offerings | B51: uncommon | C51: tarnished_coin | D51: 1 | E51: 1 | F51: 3 | G51: =D51/SUMIFS($D$22:$D$54,$A$22:$A$54,A51,$B$22:$B$54,B51) -> 1 | H51: =INDEX($H$5:$H$17,MATCH(A51,$A$5:$A$17,0)) -> 0.46 | I51: =G51*H51 -> 0.46
A52: barrow_hoard | B52: rare | C52: amber_charm | D52: 1 | E52: 1 | F52: 2 | G52: =D52/SUMIFS($D$22:$D$54,$A$22:$A$54,A52,$B$22:$B$54,B52) -> 1 | H52: =INDEX($G$5:$G$17,MATCH(A52,$A$5:$A$17,0)) -> 0.12 | I52: =G52*H52 -> 0.12
A53: barrow_hoard | B53: uncommon | C53: tarnished_coin | D53: 1 | E53: 2 | F53: 4 | G53: =D53/SUMIFS($D$22:$D$54,$A$22:$A$54,A53,$B$22:$B$54,B53) -> 1 | H53: =INDEX($H$5:$H$17,MATCH(A53,$A$5:$A$17,0)) -> 0.352 | I53: =G53*H53 -> 0.352
A54: barrow_hoard | B54: common | C54: iron_nails | D54: 1 | E54: 1 | F54: 2 | G54: =D54/SUMIFS($D$22:$D$54,$A$22:$A$54,A54,$B$22:$B$54,B54) -> 1 | H54: =INDEX($I$5:$I$17,MATCH(A54,$A$5:$A$17,0)) -> 0.528 | I54: =G54*H54 -> 0.528
A56: Each item's chance per table roll (nested tables included)
A57: Table | B57: Item | C57: Chance per roll
A58: forest_trinkets | B58: amber_charm | C58: =SUMIFS($I$22:$I$54,$A$22:$A$54,A58,$C$22:$C$54,B58) -> 0.25
A59: forest_trinkets | B59: tarnished_coin | C59: =SUMIFS($I$22:$I$54,$A$22:$A$54,A59,$C$22:$C$54,B59) -> 0.75
A60: boar_spoils | B60: amber_charm | C60: =SUMIFS($I$22:$I$54,$A$22:$A$54,A60,$C$22:$C$54,B60)+SUMIFS($I$22:$I$54,$A$22:$A$54,A60,$C$22:$C$54,"table:forest_trinkets")*C58 -> 0.005
A61: boar_spoils | B61: tarnished_coin | C61: =SUMIFS($I$22:$I$54,$A$22:$A$54,A61,$C$22:$C$54,B61)+SUMIFS($I$22:$I$54,$A$22:$A$54,A61,$C$22:$C$54,"table:forest_trinkets")*C59 -> 0.015
A62: boar_spoils | B62: boar_tusk | C62: =SUMIFS($I$22:$I$54,$A$22:$A$54,A62,$C$22:$C$54,B62) -> 0.147
A63: deer_spoils | B63: amber_charm | C63: =SUMIFS($I$22:$I$54,$A$22:$A$54,A63,$C$22:$C$54,B63)+SUMIFS($I$22:$I$54,$A$22:$A$54,A63,$C$22:$C$54,"table:forest_trinkets")*C58 -> 0.005
A64: deer_spoils | B64: tarnished_coin | C64: =SUMIFS($I$22:$I$54,$A$22:$A$54,A64,$C$22:$C$54,B64)+SUMIFS($I$22:$I$54,$A$22:$A$54,A64,$C$22:$C$54,"table:forest_trinkets")*C59 -> 0.015
A65: deer_spoils | B65: deer_antler | C65: =SUMIFS($I$22:$I$54,$A$22:$A$54,A65,$C$22:$C$54,B65) -> 0.196
A66: traveller_cache | B66: amber_charm | C66: =SUMIFS($I$22:$I$54,$A$22:$A$54,A66,$C$22:$C$54,B66) -> 0.04
A67: traveller_cache | B67: tarnished_coin | C67: =SUMIFS($I$22:$I$54,$A$22:$A$54,A67,$C$22:$C$54,B67) -> 0.24
A68: wood_stash | B68: rope | C68: =SUMIFS($I$22:$I$54,$A$22:$A$54,A68,$C$22:$C$54,B68) -> 0.125
A69: wood_stash | B69: iron_nails | C69: =SUMIFS($I$22:$I$54,$A$22:$A$54,A69,$C$22:$C$54,B69) -> 0.125
A70: wood_stash | B70: stick | C70: =SUMIFS($I$22:$I$54,$A$22:$A$54,A70,$C$22:$C$54,B70) -> 0.75
A71: rotten_log | B71: amber_charm | C71: =SUMIFS($I$22:$I$54,$A$22:$A$54,A71,$C$22:$C$54,B71) -> 0.03
A72: rotten_log | B72: tarnished_coin | C72: =SUMIFS($I$22:$I$54,$A$22:$A$54,A72,$C$22:$C$54,B72) -> 0.1455
A73: hidden_stash | B73: amber_charm | C73: =SUMIFS($I$22:$I$54,$A$22:$A$54,A73,$C$22:$C$54,B73) -> 0.06
A74: hidden_stash | B74: tarnished_coin | C74: =SUMIFS($I$22:$I$54,$A$22:$A$54,A74,$C$22:$C$54,B74) -> 0.1645
A75: hidden_stash | B75: iron_nails | C75: =SUMIFS($I$22:$I$54,$A$22:$A$54,A75,$C$22:$C$54,B75) -> 0.1645
A76: lurker_spoils | B76: amber_charm | C76: =SUMIFS($I$22:$I$54,$A$22:$A$54,A76,$C$22:$C$54,B76)+SUMIFS($I$22:$I$54,$A$22:$A$54,A76,$C$22:$C$54,"table:forest_trinkets")*C58 -> 0.005
A77: lurker_spoils | B77: tarnished_coin | C77: =SUMIFS($I$22:$I$54,$A$22:$A$54,A77,$C$22:$C$54,B77)+SUMIFS($I$22:$I$54,$A$22:$A$54,A77,$C$22:$C$54,"table:forest_trinkets")*C59 -> 0.015
A78: lurker_spoils | B78: river_scales | C78: =SUMIFS($I$22:$I$54,$A$22:$A$54,A78,$C$22:$C$54,B78) -> 0.294
A79: bones_spoils | B79: amber_charm | C79: =SUMIFS($I$22:$I$54,$A$22:$A$54,A79,$C$22:$C$54,B79) -> 0.03
A80: bones_spoils | B80: tarnished_coin | C80: =SUMIFS($I$22:$I$54,$A$22:$A$54,A80,$C$22:$C$54,B80) -> 0.1455
A81: bones_spoils | B81: iron_nails | C81: =SUMIFS($I$22:$I$54,$A$22:$A$54,A81,$C$22:$C$54,B81) -> 0.1455
A82: fishing_camp | B82: amber_charm | C82: =SUMIFS($I$22:$I$54,$A$22:$A$54,A82,$C$22:$C$54,B82) -> 0.03
A83: fishing_camp | B83: iron_nails | C83: =SUMIFS($I$22:$I$54,$A$22:$A$54,A83,$C$22:$C$54,B83) -> 0.12125
A84: fishing_camp | B84: tarnished_coin | C84: =SUMIFS($I$22:$I$54,$A$22:$A$54,A84,$C$22:$C$54,B84) -> 0.12125
A85: hunter_trophies | B85: amber_charm | C85: =SUMIFS($I$22:$I$54,$A$22:$A$54,A85,$C$22:$C$54,B85)+SUMIFS($I$22:$I$54,$A$22:$A$54,A85,$C$22:$C$54,"table:forest_trinkets")*C58 -> 0.0125
A86: hunter_trophies | B86: tarnished_coin | C86: =SUMIFS($I$22:$I$54,$A$22:$A$54,A86,$C$22:$C$54,B86)+SUMIFS($I$22:$I$54,$A$22:$A$54,A86,$C$22:$C$54,"table:forest_trinkets")*C59 -> 0.0375
A87: hunter_trophies | B87: deer_antler | C87: =SUMIFS($I$22:$I$54,$A$22:$A$54,A87,$C$22:$C$54,B87) -> 0.342
A88: hunter_trophies | B88: boar_tusk | C88: =SUMIFS($I$22:$I$54,$A$22:$A$54,A88,$C$22:$C$54,B88) -> 0.228
A89: hunter_trophies | B89: boar_hide | C89: =SUMIFS($I$22:$I$54,$A$22:$A$54,A89,$C$22:$C$54,B89) -> 0.38
A90: shrine_offerings | B90: amber_charm | C90: =SUMIFS($I$22:$I$54,$A$22:$A$54,A90,$C$22:$C$54,B90) -> 0.08
A91: shrine_offerings | B91: tarnished_coin | C91: =SUMIFS($I$22:$I$54,$A$22:$A$54,A91,$C$22:$C$54,B91) -> 0.46
A92: barrow_hoard | B92: amber_charm | C92: =SUMIFS($I$22:$I$54,$A$22:$A$54,A92,$C$22:$C$54,B92) -> 0.12
A93: barrow_hoard | B93: tarnished_coin | C93: =SUMIFS($I$22:$I$54,$A$22:$A$54,A93,$C$22:$C$54,B93) -> 0.352
A94: barrow_hoard | B94: iron_nails | C94: =SUMIFS($I$22:$I$54,$A$22:$A$54,A94,$C$22:$C$54,B94) -> 0.528

Sheet Bonus drops
A1: Bonus drops by action
A2: One bonus roll per completion. Chance comes from the 'Drop tables' sheet.
A4: Action | B4: Table | C4: Item | D4: Item rarity | E4: Chance per completion | F4: Ash per unit | G4: Avg amount | H4: Expected ash per completion
A5: hunt_deer | B5: deer_spoils | C5: amber_charm | D5: =INDEX(Items!$D:$D,MATCH(C5,Items!$A:$A,0)) -> rare | E5: =SUMIFS('Drop tables'!$C$58:$C$94,'Drop tables'!$A$58:$A$94,B5,'Drop tables'!$B$58:$B$94,C5) -> 0.005 | F5: =INDEX(Items!$F:$F,MATCH(C5,Items!$A:$A,0)) -> 20 | G5: 1 | H5: =E5*F5*G5 -> 0.1
A6: hunt_deer | B6: deer_spoils | C6: tarnished_coin | D6: =INDEX(Items!$D:$D,MATCH(C6,Items!$A:$A,0)) -> uncommon | E6: =SUMIFS('Drop tables'!$C$58:$C$94,'Drop tables'!$A$58:$A$94,B6,'Drop tables'!$B$58:$B$94,C6) -> 0.015 | F6: =INDEX(Items!$F:$F,MATCH(C6,Items!$A:$A,0)) -> 8 | G6: 1 | H6: =E6*F6*G6 -> 0.12
A7: hunt_deer | B7: deer_spoils | C7: deer_antler | D7: =INDEX(Items!$D:$D,MATCH(C7,Items!$A:$A,0)) -> uncommon | E7: =SUMIFS('Drop tables'!$C$58:$C$94,'Drop tables'!$A$58:$A$94,B7,'Drop tables'!$B$58:$B$94,C7) -> 0.196 | F7: =INDEX(Items!$F:$F,MATCH(C7,Items!$A:$A,0)) -> 6 | G7: 1 | H7: =E7*F7*G7 -> 1.176
A8: cut_wood | B8: wood_stash | C8: rope | D8: =INDEX(Items!$D:$D,MATCH(C8,Items!$A:$A,0)) -> common | E8: =SUMIFS('Drop tables'!$C$58:$C$94,'Drop tables'!$A$58:$A$94,B8,'Drop tables'!$B$58:$B$94,C8) -> 0.125 | F8: =INDEX(Items!$F:$F,MATCH(C8,Items!$A:$A,0)) -> 3 | G8: 1 | H8: =E8*F8*G8 -> 0.375
A9: cut_wood | B9: wood_stash | C9: iron_nails | D9: =INDEX(Items!$D:$D,MATCH(C9,Items!$A:$A,0)) -> common | E9: =SUMIFS('Drop tables'!$C$58:$C$94,'Drop tables'!$A$58:$A$94,B9,'Drop tables'!$B$58:$B$94,C9) -> 0.125 | F9: =INDEX(Items!$F:$F,MATCH(C9,Items!$A:$A,0)) -> 3 | G9: 1 | H9: =E9*F9*G9 -> 0.375
A10: cut_wood | B10: wood_stash | C10: stick | D10: =INDEX(Items!$D:$D,MATCH(C10,Items!$A:$A,0)) -> common | E10: =SUMIFS('Drop tables'!$C$58:$C$94,'Drop tables'!$A$58:$A$94,B10,'Drop tables'!$B$58:$B$94,C10) -> 0.75 | F10: =INDEX(Items!$F:$F,MATCH(C10,Items!$A:$A,0)) -> 1 | G10: 2 | H10: =E10*F10*G10 -> 1.5
A11: angry_boar | B11: boar_spoils | C11: amber_charm | D11: =INDEX(Items!$D:$D,MATCH(C11,Items!$A:$A,0)) -> rare | E11: =SUMIFS('Drop tables'!$C$58:$C$94,'Drop tables'!$A$58:$A$94,B11,'Drop tables'!$B$58:$B$94,C11) -> 0.005 | F11: =INDEX(Items!$F:$F,MATCH(C11,Items!$A:$A,0)) -> 20 | G11: 1 | H11: =E11*F11*G11 -> 0.1
A12: angry_boar | B12: boar_spoils | C12: tarnished_coin | D12: =INDEX(Items!$D:$D,MATCH(C12,Items!$A:$A,0)) -> uncommon | E12: =SUMIFS('Drop tables'!$C$58:$C$94,'Drop tables'!$A$58:$A$94,B12,'Drop tables'!$B$58:$B$94,C12) -> 0.015 | F12: =INDEX(Items!$F:$F,MATCH(C12,Items!$A:$A,0)) -> 8 | G12: 1 | H12: =E12*F12*G12 -> 0.12
A13: angry_boar | B13: boar_spoils | C13: boar_tusk | D13: =INDEX(Items!$D:$D,MATCH(C13,Items!$A:$A,0)) -> uncommon | E13: =SUMIFS('Drop tables'!$C$58:$C$94,'Drop tables'!$A$58:$A$94,B13,'Drop tables'!$B$58:$B$94,C13) -> 0.147 | F13: =INDEX(Items!$F:$F,MATCH(C13,Items!$A:$A,0)) -> 6 | G13: 1 | H13: =E13*F13*G13 -> 0.882
A14: rotten_log | B14: rotten_log | C14: amber_charm | D14: =INDEX(Items!$D:$D,MATCH(C14,Items!$A:$A,0)) -> rare | E14: =SUMIFS('Drop tables'!$C$58:$C$94,'Drop tables'!$A$58:$A$94,B14,'Drop tables'!$B$58:$B$94,C14) -> 0.03 | F14: =INDEX(Items!$F:$F,MATCH(C14,Items!$A:$A,0)) -> 20 | G14: 1 | H14: =E14*F14*G14 -> 0.6
A15: rotten_log | B15: rotten_log | C15: tarnished_coin | D15: =INDEX(Items!$D:$D,MATCH(C15,Items!$A:$A,0)) -> uncommon | E15: =SUMIFS('Drop tables'!$C$58:$C$94,'Drop tables'!$A$58:$A$94,B15,'Drop tables'!$B$58:$B$94,C15) -> 0.1455 | F15: =INDEX(Items!$F:$F,MATCH(C15,Items!$A:$A,0)) -> 8 | G15: 1 | H15: =E15*F15*G15 -> 1.164
A16: hidden_stash | B16: hidden_stash | C16: amber_charm | D16: =INDEX(Items!$D:$D,MATCH(C16,Items!$A:$A,0)) -> rare | E16: =SUMIFS('Drop tables'!$C$58:$C$94,'Drop tables'!$A$58:$A$94,B16,'Drop tables'!$B$58:$B$94,C16) -> 0.06 | F16: =INDEX(Items!$F:$F,MATCH(C16,Items!$A:$A,0)) -> 20 | G16: 1 | H16: =E16*F16*G16 -> 1.2
... A52: tower_guard | B52: bones_spoils | C52: iron_nails | D52: =INDEX(Items!$D:$D,MATCH(C52,Items!$A:$A,0)) -> common | E52: =SUMIFS('Drop tables'!$C$58:$C$94,'Drop tables'!$A$58:$A$94,B52,'Drop tables'!$B$58:$B$94,C52) -> 0.1455 | F52: =INDEX(Items!$F:$F,MATCH(C52,Items!$A:$A,0)) -> 3 | G52: 1.5 | H52: =E52*F52*G52 -> 0.65475

Sheet Chains
A1: Chained encounters
A2: What completing an encounter can unlock or spawn next. Leads appear next to their source and expire.
A4: Source | B4: Outcome | C4: Target | D4: From completion # | E4: Base chance | F4: Lifetime (s) | G4: Chance · The Old Road | H4: Chance · Deep Woods | I4: Chance · Bramble Thicket | J4: Chance · Still Glade | K4: Chain from start (base)
A5: bramble_berries | B5: lead | C5: trampled_bushes | D5: 1 | E5: 0.15 | F5: 90 | G5: =MIN(1,E5*Regions!C28) -> 0.15 | H5: =MIN(1,E5*Regions!D28) -> 0.15 | I5: =MIN(1,E5*Regions!E28) -> 0.15 | J5: =MIN(1,E5*Regions!F28) -> 0.15 | K5: =E5 -> 0.15
A6: fallen_branches | B6: knowledge | C6: primitive_crafting | D6: 5 | E6: 1 | F6: - | G6: =E6 -> 1 | H6: =E6 -> 1 | I6: =E6 -> 1 | J6: =E6 -> 1 | K6: =E6 -> 1
A7: fallen_branches | B7: lead | C7: broken_branches | D7: 1 | E7: 0.15 | F7: 90 | G7: =MIN(1,E7*Regions!C26) -> 0.15 | H7: =MIN(1,E7*Regions!D26) -> 0.15 | I7: =MIN(1,E7*Regions!E26) -> 0.15 | J7: =MIN(1,E7*Regions!F26) -> 0.15 | K7: =E7 -> 0.15
A8: animal_tracks | B8: knowledge | C8: deer_sign | D8: 1 | E8: 1 | F8: - | G8: =E8 -> 1 | H8: =E8 -> 1 | I8: =E8 -> 1 | J8: =E8 -> 1 | K8: =E8 -> 1
A9: animal_tracks | B9: lead | C9: follow_deer_tracks | D9: 1 | E9: 0.3 | F9: 90 | G9: =MIN(1,E9*Regions!C24) -> 0.3 | H9: =MIN(1,E9*Regions!D24) -> 0.3 | I9: =MIN(1,E9*Regions!E24) -> 0.3 | J9: =MIN(1,E9*Regions!F24) -> 0.39 | K9: =E9 -> 0.3
A10: follow_deer_tracks | B10: lead | C10: hunt_deer | D10: 1 | E10: 0.55 | F10: 60 | G10: =MIN(1,E10*Regions!C25) -> 0.55 | H10: =MIN(1,E10*Regions!D25) -> 0.495 | I10: =MIN(1,E10*Regions!E25) -> 0.55 | J10: =MIN(1,E10*Regions!F25) -> 0.6875 | K10: =E10*K9 -> 0.165
A11: follow_deer_tracks | B11: note | C11: deer_gone | D11: 1 | E11: 0.3 | F11: - | G11: =E11 -> 0.3 | H11: =E11 -> 0.3 | I11: =E11 -> 0.3 | J11: =E11 -> 0.3 | K11: =E11*K9 -> 0.09
A12: broken_branches | B12: lead | C12: cut_wood | D12: 1 | E12: 0.55 | F12: 120 | G12: =MIN(1,E12*Regions!C27) -> 0.55 | H12: =MIN(1,E12*Regions!D27) -> 0.55 | I12: =MIN(1,E12*Regions!E27) -> 0.55 | J12: =MIN(1,E12*Regions!F27) -> 0.55 | K12: =E12*K7 -> 0.0825
A13: broken_branches | B13: note | C13: branches_nowhere | D13: 1 | E13: 0.45 | F13: - | G13: =E13 -> 0.45 | H13: =E13 -> 0.45 | I13: =E13 -> 0.45 | J13: =E13 -> 0.45 | K13: =E13*K7 -> 0.0675
A14: trampled_bushes | B14: lead | C14: feeding_ground | D14: 1 | E14: 0.5 | F14: 90 | G14: =MIN(1,E14*Regions!C29) -> 0.5 | H14: =MIN(1,E14*Regions!D29) -> 0.5 | I14: =MIN(1,E14*Regions!E29) -> 0.5 | J14: =MIN(1,E14*Regions!F29) -> 0.5 | K14: =E14*K5 -> 0.075
A15: trampled_bushes | B15: lead | C15: angry_boar | D15: 1 | E15: 0.25 | F15: 60 | G15: =MIN(1,E15*Regions!C30) -> 0.25 | H15: =MIN(1,E15*Regions!D30) -> 0.25 | I15: =MIN(1,E15*Regions!E30) -> 0.25 | J15: =MIN(1,E15*Regions!F30) -> 0.25 | K15: =E15*K5 -> 0.0375
A16: trampled_bushes | B16: note | C16: fed_and_gone | D16: 1 | E16: 0.25 | F16: - | G16: =E16 -> 0.25 | H16: =E16 -> 0.25 | I16: =E16 -> 0.25 | J16: =E16 -> 0.25 | K16: =E16*K5 -> 0.0375
A17: mushroom_dust | B17: lead | C17: rotten_log | D17: 1 | E17: 0.6 | F17: 90 | G17: =MIN(1,E17*Regions!C32) -> 0.6 | H17: =MIN(1,E17*Regions!D32) -> 0.6 | I17: =MIN(1,E17*Regions!E32) -> 0.6 | J17: =MIN(1,E17*Regions!F32) -> 0.6 | K17: =E17 -> 0.6
A18: mushroom_dust | B18: note | C18: dust_gone | D18: 1 | E18: 0.4 | F18: - | G18: =E18 -> 0.4 | H18: =E18 -> 0.4 | I18: =E18 -> 0.4 | J18: =E18 -> 0.4 | K18: =E18 -> 0.4
A19: trail_marker | B19: lead | C19: looping_path | D19: 1 | E19: 0.5 | F19: 120 | G19: =MIN(1,E19*Regions!C34) -> 0.5 | H19: =MIN(1,E19*Regions!D34) -> 0.5 | I19: =MIN(1,E19*Regions!E34) -> 0.5 | J19: =MIN(1,E19*Regions!F34) -> 0.5 | K19: =E19 -> 0.5
A20: trail_marker | B20: note | C20: marker_wrong | D20: 1 | E20: 0.5 | F20: - | G20: =E20 -> 0.5 | H20: =E20 -> 0.5 | I20: =E20 -> 0.5 | J20: =E20 -> 0.5 | K20: =E20 -> 0.5
A21: looping_path | B21: reveal | C21: area | D21: 1 | E21: 1 | F21: - | G21: =E21 -> 1 | H21: =E21 -> 1 | I21: =E21 -> 1 | J21: =E21 -> 1 | K21: =E21*K19 -> 0.5
A22: map_scrap | B22: lead | C22: hidden_stash | D22: 1 | E22: 0.6 | F22: 150 | G22: =MIN(1,E22*Regions!C36) -> 0.6 | H22: =MIN(1,E22*Regions!D36) -> 0.6 | I22: =MIN(1,E22*Regions!E36) -> 0.6 | J22: =MIN(1,E22*Regions!F36) -> 0.6 | K22: =E22 -> 0.6
A23: map_scrap | B23: note | C23: map_useless | D23: 1 | E23: 0.4 | F23: - | G23: =E23 -> 0.4 | H23: =E23 -> 0.4 | I23: =E23 -> 0.4 | J23: =E23 -> 0.4 | K23: =E23 -> 0.4
A24: forest_spring | B24: lead | C24: fresh_footprints | D24: 1 | E24: 0.08 | F24: 90 | G24: =MIN(1,E24*Regions!C45) -> 0.08 | H24: =MIN(1,E24*Regions!D45) -> 0.08 | I24: =MIN(1,E24*Regions!E45) -> 0.08 | J24: =MIN(1,E24*Regions!F45) -> 0.08 | K24: =E24 -> 0.08
A25: reed_bed | B25: lead | C25: fish_scales | D25: 1 | E25: 0.3 | F25: 90 | G25: =MIN(1,E25*Regions!C37) -> 0.3 | H25: =MIN(1,E25*Regions!D37) -> 0.3 | I25: =MIN(1,E25*Regions!E37) -> 0.3 | J25: =MIN(1,E25*Regions!F37) -> 0.3 | K25: =E25 -> 0.3
A26: fishing_pool | B26: lead | C26: lurker_burrow | D26: 1 | E26: 0.1 | F26: 60 | G26: =MIN(1,E26*Regions!C40) -> 0.1 | H26: =MIN(1,E26*Regions!D40) -> 0.1 | I26: =MIN(1,E26*Regions!E40) -> 0.1 | J26: =MIN(1,E26*Regions!F40) -> 0.1 | K26: =E26 -> 0.1
A27: river_shallows | B27: lead | C27: ripples | D27: 1 | E27: 0.35 | F27: 60 | G27: =MIN(1,E27*Regions!C39) -> 0.35 | H27: =MIN(1,E27*Regions!D39) -> 0.35 | I27: =MIN(1,E27*Regions!E39) -> 0.35 | J27: =MIN(1,E27*Regions!F39) -> 0.35 | K27: =E27 -> 0.35
A28: fishing_net | B28: lead | C28: float_line | D28: 1 | E28: 0.35 | F28: 120 | G28: =MIN(1,E28*Regions!C41) -> 0.35 | H28: =MIN(1,E28*Regions!D41) -> 0.35 | I28: =MIN(1,E28*Regions!E41) -> 0.35 | J28: =MIN(1,E28*Regions!F41) -> 0.35 | K28: =E28 -> 0.35
A29: fish_scales | B29: lead | C29: busy_pool | D29: 1 | E29: 0.5 | F29: 90 | G29: =MIN(1,E29*Regions!C38) -> 0.5 | H29: =MIN(1,E29*Regions!D38) -> 0.5 | I29: =MIN(1,E29*Regions!E38) -> 0.5 | J29: =MIN(1,E29*Regions!F38) -> 0.5 | K29: =E29*K25 -> 0.15
A30: fish_scales | B30: lead | C30: lurker_burrow | D30: 1 | E30: 0.2 | F30: 60 | G30: =MIN(1,E30*Regions!C40) -> 0.2 | H30: =MIN(1,E30*Regions!D40) -> 0.2 | I30: =MIN(1,E30*Regions!E40) -> 0.2 | J30: =MIN(1,E30*Regions!F40) -> 0.2 | K30: =E30*K25 -> 0.06
A31: fish_scales | B31: note | C31: scales_gone | D31: 1 | E31: 0.3 | F31: - | G31: =E31 -> 0.3 | H31: =E31 -> 0.3 | I31: =E31 -> 0.3 | J31: =E31 -> 0.3 | K31: =E31*K25 -> 0.09
A32: ripples | B32: lead | C32: lurker_burrow | D32: 1 | E32: 0.5 | F32: 60 | G32: =MIN(1,E32*Regions!C40) -> 0.5 | H32: =MIN(1,E32*Regions!D40) -> 0.5 | I32: =MIN(1,E32*Regions!E40) -> 0.5 | J32: =MIN(1,E32*Regions!F40) -> 0.5 | K32: =E32*K27 -> 0.175
A33: ripples | B33: note | C33: just_current | D33: 1 | E33: 0.5 | F33: - | G33: =E33 -> 0.5 | H33: =E33 -> 0.5 | I33: =E33 -> 0.5 | J33: =E33 -> 0.5 | K33: =E33*K27 -> 0.175
A34: float_line | B34: lead | C34: fishing_platform | D34: 1 | E34: 0.6 | F34: 120 | G34: =MIN(1,E34*Regions!C42) -> 0.6 | H34: =MIN(1,E34*Regions!D42) -> 0.6 | I34: =MIN(1,E34*Regions!E42) -> 0.6 | J34: =MIN(1,E34*Regions!F42) -> 0.6 | K34: =E34*K28 -> 0.21
A35: float_line | B35: note | C35: line_lost | D35: 1 | E35: 0.4 | F35: - | G35: =E35 -> 0.4 | H35: =E35 -> 0.4 | I35: =E35 -> 0.4 | J35: =E35 -> 0.4 | K35: =E35*K28 -> 0.14
A36: bootprints | B36: lead | C36: fishing_camp | D36: 1 | E36: 0.5 | F36: 150 | G36: =MIN(1,E36*Regions!C44) -> 0.5 | H36: =MIN(1,E36*Regions!D44) -> 0.5 | I36: =MIN(1,E36*Regions!E44) -> 0.5 | J36: =MIN(1,E36*Regions!F44) -> 0.5 | K36: =E36 -> 0.5
A37: bootprints | B37: note | C37: camp_looted | D37: 1 | E37: 0.3 | F37: - | G37: =E37 -> 0.3 | H37: =E37 -> 0.3 | I37: =E37 -> 0.3 | J37: =E37 -> 0.3 | K37: =E37 -> 0.3
A38: bootprints | B38: note | C38: prints_lost | D38: 1 | E38: 0.2 | F38: - | G38: =E38 -> 0.2 | H38: =E38 -> 0.2 | I38: =E38 -> 0.2 | J38: =E38 -> 0.2 | K38: =E38 -> 0.2
A39: fresh_footprints | B39: lead | C39: hidden_ford | D39: 1 | E39: 0.55 | F39: 120 | G39: =MIN(1,E39*Regions!C48) -> 0.55 | H39: =MIN(1,E39*Regions!D48) -> 0.55 | I39: =MIN(1,E39*Regions!E48) -> 0.55 | J39: =MIN(1,E39*Regions!F48) -> 0.55 | K39: =E39*K24 -> 0.044
A40: fresh_footprints | B40: note | C40: prints_washed | D40: 1 | E40: 0.45 | F40: - | G40: =E40 -> 0.45 | H40: =E40 -> 0.45 | I40: =E40 -> 0.45 | J40: =E40 -> 0.45 | K40: =E40*K24 -> 0.036
A41: double_shadow | B41: lead | C41: split_shadow_tree | D41: 1 | E41: 0.6 | F41: 150 | G41: =MIN(1,E41*Regions!C47) -> 0.6 | H41: =MIN(1,E41*Regions!D47) -> 0.6 | I41: =MIN(1,E41*Regions!E47) -> 0.6 | J41: =MIN(1,E41*Regions!F47) -> 0.6 | K41: =E41 -> 0.6
A42: double_shadow | B42: note | C42: shadow_gone | D42: 1 | E42: 0.4 | F42: - | G42: =E42 -> 0.4 | H42: =E42 -> 0.4 | I42: =E42 -> 0.4 | J42: =E42 -> 0.4 | K42: =E42 -> 0.4
A43: split_shadow_tree | B43: shimmer | C43: split_shadow | D43: 1 | E43: 1 | F43: - | G43: =E43 -> 1 | H43: =E43 -> 1 | I43: =E43 -> 1 | J43: =E43 -> 1 | K43: =E43*K41 -> 0.6
A44: hidden_ford | B44: reveal | C44: area | D44: 1 | E44: 1 | F44: - | G44: =E44 -> 1 | H44: =E44 -> 1 | I44: =E44 -> 1 | J44: =E44 -> 1 | K44: =E44*K39 -> 0.044
A45: hidden_ford | B45: lead | C45: lurker_burrow | D45: 1 | E45: 0.25 | F45: 60 | G45: =MIN(1,E45*Regions!C40) -> 0.25 | H45: =MIN(1,E45*Regions!D40) -> 0.25 | I45: =MIN(1,E45*Regions!E40) -> 0.25 | J45: =MIN(1,E45*Regions!F40) -> 0.25 | K45: =E45*K39 -> 0.011
A46: mushroom_ring | B46: lead | C46: mushroom_dust | D46: 1 | E46: 0.2 | F46: 90 | G46: =MIN(1,E46*Regions!C31) -> 0.2 | H46: =MIN(1,E46*Regions!D31) -> 0.2 | I46: =MIN(1,E46*Regions!E31) -> 0.2 | J46: =MIN(1,E46*Regions!F31) -> 0.2 | K46: =E46 -> 0.2
A47: mossy_stone | B47: lead | C47: double_shadow | D47: 1 | E47: 0.12 | F47: 90 | G47: =MIN(1,E47*Regions!C46) -> 0.12 | H47: =MIN(1,E47*Regions!D46) -> 0.12 | I47: =MIN(1,E47*Regions!E46) -> 0.12 | J47: =MIN(1,E47*Regions!F46) -> 0.12 | K47: =E47 -> 0.12
A48: hanging_leaf | B48: reveal | C48: area | D48: 1 | E48: 1 | F48: - | G48: =E48 -> 1 | H48: =E48 -> 1 | I48: =E48 -> 1 | J48: =E48 -> 1 | K48: =E48 -> 1
A49: backward_ripple | B49: renew | C49: fish | D49: 1 | E49: 1 | F49: - | G49: =E49 -> 1 | H49: =E49 -> 1 | I49: =E49 -> 1 | J49: =E49 -> 1 | K49: =E49 -> 1
A50: old_carvings | B50: lead | C50: trail_marker | D50: 1 | E50: 0.3 | F50: 120 | G50: =MIN(1,E50*Regions!C33) -> 0.3 | H50: =MIN(1,E50*Regions!D33) -> 0.3 | I50: =MIN(1,E50*Regions!E33) -> 0.3 | J50: =MIN(1,E50*Regions!F33) -> 0.3 | K50: =E50 -> 0.3
A51: camp_packs | B51: lead | C51: map_scrap | D51: 1 | E51: 0.35 | F51: 120 | G51: =MIN(1,E51*Regions!C35) -> 0.35 | H51: =MIN(1,E51*Regions!D35) -> 0.35 | I51: =MIN(1,E51*Regions!E35) -> 0.35 | J51: =MIN(1,E51*Regions!F35) -> 0.35 | K51: =E51 -> 0.35
A52: camp_firepit | B52: lead | C52: bootprints | D52: 1 | E52: 0.35 | F52: 120 | G52: =MIN(1,E52*Regions!C43) -> 0.35 | H52: =MIN(1,E52*Regions!D43) -> 0.35 | I52: =MIN(1,E52*Regions!E43) -> 0.35 | J52: =MIN(1,E52*Regions!F43) -> 0.35 | K52: =E52 -> 0.35
A53: camp_bedroll | B53: recipe | C53: padded_jerkin | D53: 1 | E53: 1 | F53: - | G53: =E53 -> 1 | H53: =E53 -> 1 | I53: =E53 -> 1 | J53: =E53 -> 1 | K53: =E53 -> 1
A54: tower_armory | B54: recipe | C54: studded_wrap | D54: 1 | E54: 1 | F54: - | G54: =E54 -> 1 | H54: =E54 -> 1 | I54: =E54 -> 1 | J54: =E54 -> 1 | K54: =E54 -> 1
A55: lumber_shed | B55: recipe | C55: axe | D55: 1 | E55: 1 | F55: - | G55: =E55 -> 1 | H55: =E55 -> 1 | I55: =E55 -> 1 | J55: =E55 -> 1 | K55: =E55 -> 1
A56: lodge_trophies | B56: recipe | C56: spear | D56: 1 | E56: 1 | F56: - | G56: =E56 -> 1 | H56: =E56 -> 1 | I56: =E56 -> 1 | J56: =E56 -> 1 | K56: =E56 -> 1
A59: Chain ideas — fill in (one example row)
A60: Kinds: lead = temporary spot next to the source; shimmer = rare spots likelier in this region cell for the life; renew = lift that cell's exhaustion of one kind; boost = raise one target's odds nearby (proposed, not built yet).
A61: Source | B61: Kind | C61: Target | D61: From completion # | E61: Chance | F61: Lifetime (s) | G61: Boost x | H61: Radius (chunks) | I61: Why
A62: abandoned_camp | B62: boost | C62: old_carvings | D62: 1 | E62: 1 | F62: 120 | G62: 3 | H62: 1 | I62: Travellers' camp hints at old marks nearby

Sheet Crafts & buildings
A1: Crafts and buildings
A2: Crafts and buildings are made at the anchor camp (crafts need a crafting station); buildings fall when the life ends unless bound with ash. A campfire is made anywhere, once hurt and far away.
A4: ID | B4: Name | C4: Kind | D4: Workplace | E4: Cost | F4: Result | G4: Gate | H4: Discipline | I4: XP | J4: Duration (s) | K4: Need order | L4: Bind cost (ash)
A5: build_station | B5: Build a crafting station | C5: build | D5: anchor camp | E5: 12 stick, 2 boar hide | F5: Crafting station | G5: knowledge primitive_crafting | H5: Building | I5: 120 | J5: 20 | K5: 1 | L5: 120
A6: build_chest | B6: Build a storage chest | C6: build | D6: Crafting station (camp) | E6: 10 stick, 4 iron nails, 2 coil of rope | F6: Storage chest | G6: knowledge primitive_crafting | H6: Building | I6: 150 | J6: 25 | K6: 6 | L6: 200
A7: craft_wrap | B7: Wrap boar hide | C7: craft | D7: Crafting station (camp) | E7: 2 boar hide | F7: Hide wrap | G7: unlock Hide working | H7: Endurance | I7: 30 | J7: 5 | K7: 1 | L7: -
A8: make_campfire | B8: Make a campfire | C8: camp | D8: anywhere | E8: 3 stick | F8: a campfire (rest by it like at the anchor camp) | G8: when hurt far | H8: Building | I8: 15 | J8: 4 | K8: 1 | L8: -
A9: craft_studded | B9: Stud the hide wrap | C9: craft | D9: Crafting station (camp) | E9: 1 hide wrap, 3 iron nails | F9: Studded wrap | G9: knowledge primitive_crafting; recipe studded_wrap (Old weapon rack) | H9: Strength | I9: 40 | J9: 6 | K9: 2 | L9: -
A10: craft_snare | B10: Set a bramble snare | C10: craft | D10: Crafting station (camp) | E10: 2 stick, 1 bramble thorn | F10: Snared hare 75% | G10: unlock Snares | H10: Perception | I10: 30 | J10: 6 | K10: 3 | L10: -
A11: craft_spear | B11: Make a spear | C11: craft | D11: Crafting station (camp) | E11: 1 walking staff, 2 iron nails, 1 coil of rope | F11: Spear | G11: knowledge primitive_crafting; recipe spear (Antler wall) | H11: Strength | I11: 45 | J11: 7 | K11: 3 | L11: -
A12: craft_axe | B12: Make an axe | C12: craft | D12: Crafting station (camp) | E12: 1 walking staff, 3 iron nails | F12: Axe | G12: knowledge primitive_crafting; recipe axe (Tool shed) | H12: Strength | I12: 45 | J12: 7 | K12: 4 | L12: -
A13: craft_jerkin | B13: Stitch a padded jerkin | C13: craft | D13: Crafting station (camp) | E13: 3 cloth scrap, 1 coil of rope | F13: Padded jerkin | G13: knowledge primitive_crafting; recipe padded_jerkin (Torn blanket) | H13: Endurance | I13: 30 | J13: 6 | K13: 4 | L13: -
A14: craft_staff | B14: Cut a walking staff | C14: craft | D14: Crafting station (camp) | E14: 5 stick | F14: Walking staff | G14: knowledge primitive_crafting | H14: Strength | I14: 25 | J14: 5 | K14: 5 | L14: -
A16: Buildings
A17: Building | B17: Function | C17: Bind cost (ash) | D17: What it does
A18: Crafting station | B18: crafting | C18: 120 | D18: A workbench by the anchor stone. Every craft needs it, at the camp.
A19: Storage chest | B19: storage | C19: 200 | D19: Materials brought to the camp are stowed here. Once bound, they stay for later lives. Holds 6 stacks; the auto-pilot goes home to stow at 30 carried materials.
A21: 'Need order': when several are possible, the lowest number is made first.

Sheet Carry load
A1: Carry load
A2: Walking time in % of normal. Every carried unit beyond the free amount adds the per-item %, divided by the average Endurance/Strength speed, up to the cap.
A4: Free units | B4: 10
A5: +% per further unit | B5: 1
A6: Cap (+%) | B6: 60
A8: Carried units | B8: Walking time · End/Str speed x1.00 | C8: Walking time · End/Str speed x1.25 | D8: Walking time · End/Str speed x1.50 | E8: Walking time · End/Str speed x2.00
A9: speed (edit) | B9: 1 | C9: 1.25 | D9: 1.5 | E9: 2
A10: 0 | B10: =1+MIN($B$6,INT(MAX(0,$A10-$B$4)*$B$5/B$9))/100 -> 1 | C10: =1+MIN($B$6,INT(MAX(0,$A10-$B$4)*$B$5/C$9))/100 -> 1 | D10: =1+MIN($B$6,INT(MAX(0,$A10-$B$4)*$B$5/D$9))/100 -> 1 | E10: =1+MIN($B$6,INT(MAX(0,$A10-$B$4)*$B$5/E$9))/100 -> 1
A11: 10 | B11: =1+MIN($B$6,INT(MAX(0,$A11-$B$4)*$B$5/B$9))/100 -> 1 | C11: =1+MIN($B$6,INT(MAX(0,$A11-$B$4)*$B$5/C$9))/100 -> 1 | D11: =1+MIN($B$6,INT(MAX(0,$A11-$B$4)*$B$5/D$9))/100 -> 1 | E11: =1+MIN($B$6,INT(MAX(0,$A11-$B$4)*$B$5/E$9))/100 -> 1
A12: 20 | B12: =1+MIN($B$6,INT(MAX(0,$A12-$B$4)*$B$5/B$9))/100 -> 1.1 | C12: =1+MIN($B$6,INT(MAX(0,$A12-$B$4)*$B$5/C$9))/100 -> 1.08 | D12: =1+MIN($B$6,INT(MAX(0,$A12-$B$4)*$B$5/D$9))/100 -> 1.06 | E12: =1+MIN($B$6,INT(MAX(0,$A12-$B$4)*$B$5/E$9))/100 -> 1.05
A13: 30 | B13: =1+MIN($B$6,INT(MAX(0,$A13-$B$4)*$B$5/B$9))/100 -> 1.2 | C13: =1+MIN($B$6,INT(MAX(0,$A13-$B$4)*$B$5/C$9))/100 -> 1.16 | D13: =1+MIN($B$6,INT(MAX(0,$A13-$B$4)*$B$5/D$9))/100 -> 1.13 | E13: =1+MIN($B$6,INT(MAX(0,$A13-$B$4)*$B$5/E$9))/100 -> 1.1
A14: 40 | B14: =1+MIN($B$6,INT(MAX(0,$A14-$B$4)*$B$5/B$9))/100 -> 1.3 | C14: =1+MIN($B$6,INT(MAX(0,$A14-$B$4)*$B$5/C$9))/100 -> 1.24 | D14: =1+MIN($B$6,INT(MAX(0,$A14-$B$4)*$B$5/D$9))/100 -> 1.2 | E14: =1+MIN($B$6,INT(MAX(0,$A14-$B$4)*$B$5/E$9))/100 -> 1.15
A15: 50 | B15: =1+MIN($B$6,INT(MAX(0,$A15-$B$4)*$B$5/B$9))/100 -> 1.4 | C15: =1+MIN($B$6,INT(MAX(0,$A15-$B$4)*$B$5/C$9))/100 -> 1.32 | D15: =1+MIN($B$6,INT(MAX(0,$A15-$B$4)*$B$5/D$9))/100 -> 1.26 | E15: =1+MIN($B$6,INT(MAX(0,$A15-$B$4)*$B$5/E$9))/100 -> 1.2
A16: 60 | B16: =1+MIN($B$6,INT(MAX(0,$A16-$B$4)*$B$5/B$9))/100 -> 1.5 | C16: =1+MIN($B$6,INT(MAX(0,$A16-$B$4)*$B$5/C$9))/100 -> 1.4 | D16: =1+MIN($B$6,INT(MAX(0,$A16-$B$4)*$B$5/D$9))/100 -> 1.33 | E16: =1+MIN($B$6,INT(MAX(0,$A16-$B$4)*$B$5/E$9))/100 -> 1.25
A17: 70 | B17: =1+MIN($B$6,INT(MAX(0,$A17-$B$4)*$B$5/B$9))/100 -> 1.6 | C17: =1+MIN($B$6,INT(MAX(0,$A17-$B$4)*$B$5/C$9))/100 -> 1.48 | D17: =1+MIN($B$6,INT(MAX(0,$A17-$B$4)*$B$5/D$9))/100 -> 1.4 | E17: =1+MIN($B$6,INT(MAX(0,$A17-$B$4)*$B$5/E$9))/100 -> 1.3
A18: 80 | B18: =1+MIN($B$6,INT(MAX(0,$A18-$B$4)*$B$5/B$9))/100 -> 1.6 | C18: =1+MIN($B$6,INT(MAX(0,$A18-$B$4)*$B$5/C$9))/100 -> 1.56 | D18: =1+MIN($B$6,INT(MAX(0,$A18-$B$4)*$B$5/D$9))/100 -> 1.46 | E18: =1+MIN($B$6,INT(MAX(0,$A18-$B$4)*$B$5/E$9))/100 -> 1.35
A19: 90 | B19: =1+MIN($B$6,INT(MAX(0,$A19-$B$4)*$B$5/B$9))/100 -> 1.6 | C19: =1+MIN($B$6,INT(MAX(0,$A19-$B$4)*$B$5/C$9))/100 -> 1.6 | D19: =1+MIN($B$6,INT(MAX(0,$A19-$B$4)*$B$5/D$9))/100 -> 1.53 | E19: =1+MIN($B$6,INT(MAX(0,$A19-$B$4)*$B$5/E$9))/100 -> 1.4
A20: 100 | B20: =1+MIN($B$6,INT(MAX(0,$A20-$B$4)*$B$5/B$9))/100 -> 1.6 | C20: =1+MIN($B$6,INT(MAX(0,$A20-$B$4)*$B$5/C$9))/100 -> 1.6 | D20: =1+MIN($B$6,INT(MAX(0,$A20-$B$4)*$B$5/D$9))/100 -> 1.6 | E20: =1+MIN($B$6,INT(MAX(0,$A20-$B$4)*$B$5/E$9))/100 -> 1.45
A22: The game rounds down to whole percents. A full pack (12 stacks of 20) is 240 units.

Sheet Exhaustion
A1: Local exhaustion
A2: Each harvest of a wild spot lowers that kind's spawn weight in its region cell (3x3 chunks) for the rest of the life, down to the floor. Resets every life.
A4: Floor (% kept) | B4: 0.25
A6: Kind | B6: Step per harvest | C6: Wild spots of this kind | D6: After 0 | E6: After 1 | F6: After 2 | G6: After 3 | H6: After 4 | I6: After 5 | J6: After 6 | K6: After 7 | L6: After 8
A7: wood | B7: 0.2 | C7: Fallen branches, Dead tree | D7: =MAX($B$4,1-$B7*0) -> 1 | E7: =MAX($B$4,1-$B7*1) -> 0.8 | F7: =MAX($B$4,1-$B7*2) -> 0.6 | G7: =MAX($B$4,1-$B7*3) -> 0.4 | H7: =MAX($B$4,1-$B7*4) -> 0.25 | I7: =MAX($B$4,1-$B7*5) -> 0.25 | J7: =MAX($B$4,1-$B7*6) -> 0.25 | K7: =MAX($B$4,1-$B7*7) -> 0.25 | L7: =MAX($B$4,1-$B7*8) -> 0.25
A8: berries | B8: 0.08 | C8: Berry bush | D8: =MAX($B$4,1-$B8*0) -> 1 | E8: =MAX($B$4,1-$B8*1) -> 0.92 | F8: =MAX($B$4,1-$B8*2) -> 0.84 | G8: =MAX($B$4,1-$B8*3) -> 0.76 | H8: =MAX($B$4,1-$B8*4) -> 0.68 | I8: =MAX($B$4,1-$B8*5) -> 0.6 | J8: =MAX($B$4,1-$B8*6) -> 0.52 | K8: =MAX($B$4,1-$B8*7) -> 0.44 | L8: =MAX($B$4,1-$B8*8) -> 0.36
A9: game | B9: 0.15 | C9: Animal tracks | D9: =MAX($B$4,1-$B9*0) -> 1 | E9: =MAX($B$4,1-$B9*1) -> 0.85 | F9: =MAX($B$4,1-$B9*2) -> 0.7 | G9: =MAX($B$4,1-$B9*3) -> 0.55 | H9: =MAX($B$4,1-$B9*4) -> 0.4 | I9: =MAX($B$4,1-$B9*5) -> 0.25 | J9: =MAX($B$4,1-$B9*6) -> 0.25 | K9: =MAX($B$4,1-$B9*7) -> 0.25 | L9: =MAX($B$4,1-$B9*8) -> 0.25
A10: fungi | B10: 0.1 | C10: Mushrooms | D10: =MAX($B$4,1-$B10*0) -> 1 | E10: =MAX($B$4,1-$B10*1) -> 0.9 | F10: =MAX($B$4,1-$B10*2) -> 0.8 | G10: =MAX($B$4,1-$B10*3) -> 0.7 | H10: =MAX($B$4,1-$B10*4) -> 0.6 | I10: =MAX($B$4,1-$B10*5) -> 0.5 | J10: =MAX($B$4,1-$B10*6) -> 0.4 | K10: =MAX($B$4,1-$B10*7) -> 0.3 | L10: =MAX($B$4,1-$B10*8) -> 0.25
A11: eggs | B11: 0.1 | C11: Old tree | D11: =MAX($B$4,1-$B11*0) -> 1 | E11: =MAX($B$4,1-$B11*1) -> 0.9 | F11: =MAX($B$4,1-$B11*2) -> 0.8 | G11: =MAX($B$4,1-$B11*3) -> 0.7 | H11: =MAX($B$4,1-$B11*4) -> 0.6 | I11: =MAX($B$4,1-$B11*5) -> 0.5 | J11: =MAX($B$4,1-$B11*6) -> 0.4 | K11: =MAX($B$4,1-$B11*7) -> 0.3 | L11: =MAX($B$4,1-$B11*8) -> 0.25
A12: fish | B12: 0.12 | C12: Fishing pool | D12: =MAX($B$4,1-$B12*0) -> 1 | E12: =MAX($B$4,1-$B12*1) -> 0.88 | F12: =MAX($B$4,1-$B12*2) -> 0.76 | G12: =MAX($B$4,1-$B12*3) -> 0.64 | H12: =MAX($B$4,1-$B12*4) -> 0.52 | I12: =MAX($B$4,1-$B12*5) -> 0.4 | J12: =MAX($B$4,1-$B12*6) -> 0.28 | K12: =MAX($B$4,1-$B12*7) -> 0.25 | L12: =MAX($B$4,1-$B12*8) -> 0.25
A14: Spawn weight left (x the encounter's normal weight) after that many harvests in one cell. Leads, sites and enemies never deplete.

Sheet Site conditions
A1: Site conditions
A2: Each landmark has one condition per life, picked by weight among those that fit its structure.
A4: ID | B4: Name | C4: Weight | D4: Fits | E4: Site encounters | F4: Adds in the clearing | G4: Site work time | H4: Bonus drops | I4: Shown to the player
A5: quiet | B5: Quiet | C5: 50 | D5: any site | E5: as rolled | F5: - | G5: 1 | H5: yes | I5: Nothing has disturbed this place.
A6: picked_over | B6: Already searched | C6: 20 | D6: any site | E6: -1 | F6: - | G6: 1 | H6: no | I6: Someone has been through here already.
A7: untouched | B7: Untouched | C7: 10 | D7: any site | E7: +1 | F7: - | G7: 1 | H7: yes | I7: No one has been here in a long time.
A8: den | B8: Animal den | C8: 14 | D8: camp, tower, lumber, lodge, barrow | E8: as rolled | F8: Wild boar | G8: 1 | H8: yes | I8: Something has made its den here.
A9: overgrown | B9: Overgrown | C9: 12 | D9: camp, tower, lumber, lodge, shrine, barrow | E9: as rolled | F9: Berry bush | G9: 1.4 | H9: yes | I9: Brambles have grown over everything.
A11: Site | B11: Structure | C11: Quiet | D11: Already searched | E11: Untouched | F11: Animal den | G11: Overgrown
A12: Abandoned camp | B12: camp | C12: =$C$5/($C$5+$C$6+$C$7+$C$8+$C$9) -> 0.47169811 | D12: =$C$6/($C$5+$C$6+$C$7+$C$8+$C$9) -> 0.18867925 | E12: =$C$7/($C$5+$C$6+$C$7+$C$8+$C$9) -> 0.094339623 | F12: =$C$8/($C$5+$C$6+$C$7+$C$8+$C$9) -> 0.13207547 | G12: =$C$9/($C$5+$C$6+$C$7+$C$8+$C$9) -> 0.11320755
A13: Fallen watchtower | B13: tower | C13: =$C$5/($C$5+$C$6+$C$7+$C$8+$C$9) -> 0.47169811 | D13: =$C$6/($C$5+$C$6+$C$7+$C$8+$C$9) -> 0.18867925 | E13: =$C$7/($C$5+$C$6+$C$7+$C$8+$C$9) -> 0.094339623 | F13: =$C$8/($C$5+$C$6+$C$7+$C$8+$C$9) -> 0.13207547 | G13: =$C$9/($C$5+$C$6+$C$7+$C$8+$C$9) -> 0.11320755
A14: Logging camp | B14: lumber | C14: =$C$5/($C$5+$C$6+$C$7+$C$8+$C$9) -> 0.47169811 | D14: =$C$6/($C$5+$C$6+$C$7+$C$8+$C$9) -> 0.18867925 | E14: =$C$7/($C$5+$C$6+$C$7+$C$8+$C$9) -> 0.094339623 | F14: =$C$8/($C$5+$C$6+$C$7+$C$8+$C$9) -> 0.13207547 | G14: =$C$9/($C$5+$C$6+$C$7+$C$8+$C$9) -> 0.11320755
A15: Hunter's cabin | B15: lodge | C15: =$C$5/($C$5+$C$6+$C$7+$C$8+$C$9) -> 0.47169811 | D15: =$C$6/($C$5+$C$6+$C$7+$C$8+$C$9) -> 0.18867925 | E15: =$C$7/($C$5+$C$6+$C$7+$C$8+$C$9) -> 0.094339623 | F15: =$C$8/($C$5+$C$6+$C$7+$C$8+$C$9) -> 0.13207547 | G15: =$C$9/($C$5+$C$6+$C$7+$C$8+$C$9) -> 0.11320755
A16: Ruined shrine | B16: shrine | C16: =$C$5/($C$5+$C$6+$C$7+$C$9) -> 0.54347826 | D16: =$C$6/($C$5+$C$6+$C$7+$C$9) -> 0.2173913 | E16: =$C$7/($C$5+$C$6+$C$7+$C$9) -> 0.10869565 | F16: 0 | G16: =$C$9/($C$5+$C$6+$C$7+$C$9) -> 0.13043478
A17: Burial mound | B17: barrow | C17: =$C$5/($C$5+$C$6+$C$7+$C$8+$C$9) -> 0.47169811 | D17: =$C$6/($C$5+$C$6+$C$7+$C$8+$C$9) -> 0.18867925 | E17: =$C$7/($C$5+$C$6+$C$7+$C$8+$C$9) -> 0.094339623 | F17: =$C$8/($C$5+$C$6+$C$7+$C$8+$C$9) -> 0.13207547 | G17: =$C$9/($C$5+$C$6+$C$7+$C$8+$C$9) -> 0.11320755
A19: Rare phenomena (small impossible things; never currency)
A20: ID | B20: Name | C20: Where | D20: Rarity / placement | E20: Effect
A21: hanging_leaf | B21: Hanging leaf | C21: deep_woods, still_glade | D21: rare spot | E21: reveal area
A22: backward_ripple | B22: Backward ripple | C22: beside water | D22: rare spot | E22: renew fish
A23: double_shadow | B23: Double shadow | C23: from a mossy rock | D23: common lead | E23: lead split_shadow_tree (60%); note shadow_gone (40%)
A24: split_shadow_tree | B24: Split-shadow tree | C24: near the double shadow, a chunk away | D24: common lead | E24: shimmer split_shadow
A26: Shimmer: uncommon and rare spot odds x2.5 in that region cell (3x3 chunks) for the rest of the life (tier caps still apply).

Sheet Items
A1: Items
A2: Treasure = no use during a life, carried home for ash.
A4: ID | B4: Name | C4: Kind | D4: Rarity | E4: Food | F4: Ash value | G4: Slot | H4: Comes from
A5: wild_berries | B5: Wild berries | C5: food | D5: common | E5: 12 | F5: 1 | H5: bramble_berries, feeding_ground
A6: bird_egg | B6: Bird egg | C6: food | D6: common | E6: 20 | F6: 2 | H6: reed_bed, gnarled_tree, tower_stair, lumber_oak
A7: boar_meat | B7: Boar meat | C7: food | D7: common | E7: 35 | F7: 3 | H7: angry_boar, bramble_boar
A8: venison | B8: Venison | C8: food | D8: common | E8: 28 | F8: 3 | H8: hunt_deer
A9: pale_mushroom | B9: Pale mushroom | C9: food | D9: common | E9: 15 | F9: 2 | H9: rotten_log, mushroom_ring
A10: snared_hare | B10: Snared hare | C10: food | D10: common | E10: 30 | F10: 3 | H10: lodge_snares, craft_snare
A11: river_fish | B11: River fish | C11: food | D11: common | E11: 25 | F11: 2 | H11: fishing_pool, river_lurker, busy_pool, lurker_burrow, fishing_platform, fishing_camp
A12: stick | B12: Stick | C12: material | D12: common | F12: 1 | H12: fallen_branches, cut_wood, gnarled_tree, dead_tree, camp_packs, tower_rubble, lumber_logs, lumber_oak, barrow_bones, bonus:wood_stash
A13: bramble_thorn | B13: Bramble thorn | C13: material | D13: common | F13: 2 | H13: bramble_berries, feeding_ground, camp_firepit, lodge_snares
A14: boar_hide | B14: Boar hide | C14: material | D14: common | F14: 4 | H14: angry_boar, bramble_boar, lodge_racks, bonus:hunter_trophies
A15: boar_tusk | B15: Boar tusk | C15: treasure | D15: uncommon | F15: 6 | H15: barrow_bones, bonus:boar_spoils, bonus:hunter_trophies
A16: deer_antler | B16: Deer antler | C16: treasure | D16: uncommon | F16: 6 | H16: bonus:deer_spoils, bonus:hunter_trophies
A17: tarnished_coin | B17: Tarnished coin | C17: treasure | D17: uncommon | F17: 8 | H17: shrine_wisp, bonus:forest_trinkets, bonus:traveller_cache, bonus:rotten_log, bonus:hidden_stash, bonus:bones_spoils, bonus:fishing_camp, bonus:shrine_offerings, bonus:barrow_hoard
A18: amber_charm | B18: Amber charm | C18: treasure | D18: rare | F18: 20 | H18: bonus:forest_trinkets, bonus:traveller_cache, bonus:rotten_log, bonus:hidden_stash, bonus:bones_spoils, bonus:fishing_camp, bonus:shrine_offerings, bonus:barrow_hoard
A19: hide_wrap | B19: Hide wrap | C19: gear | D19: common | F19: 6 | G19: body | H19: craft_wrap
A20: padded_jerkin | B20: Padded jerkin | C20: gear | D20: common | F20: 5 | G20: body | H20: craft_jerkin
A21: studded_wrap | B21: Studded wrap | C21: gear | D21: common | F21: 9 | G21: body | H21: craft_studded
A22: walking_staff | B22: Walking staff | C22: gear | D22: common | F22: 3 | G22: weapon | H22: craft_staff
A23: spear | B23: Spear | C23: gear | D23: common | F23: 7 | G23: weapon | H23: craft_spear
A24: axe | B24: Axe | C24: gear | D24: common | F24: 7 | G24: weapon | H24: craft_axe
A25: cloth_scrap | B25: Cloth scrap | C25: material | D25: common | F25: 2 | H25: hidden_stash, fishing_net, camp_packs, camp_bedroll, barrow_goods
A26: old_bone | B26: Carved bone | C26: treasure | D26: common | F26: 5 | H26: barrow_dead, tower_guard
A27: rope | B27: Coil of rope | C27: material | D27: common | F27: 3 | H27: hidden_stash, fishing_net, fishing_platform, fishing_camp, camp_firepit, lumber_shed, lodge_racks, bonus:wood_stash
A28: iron_nails | B28: Iron nails | C28: material | D28: common | F28: 3 | H28: tower_rubble, tower_armory, lumber_shed, tower_guard, bonus:wood_stash, bonus:hidden_stash, bonus:bones_spoils, bonus:fishing_camp, bonus:barrow_hoard
A29: river_scales | B29: River scales | C29: treasure | D29: uncommon | F29: 5 | H29: bonus:lurker_spoils
